Name, Latitude, Longitude, Image
Eglise Saint Pierre, 49.903115,2.305888, http://lh3.ggpht.com/_Gw9CS8YhjyUEtbHO6pJI2i1QgT4LyvNzt-u7d5ugqv93uO2xR0APCrcR0K1GBp7gTnonKj3a7NYvNtUGRA
Mosquée El Feth, 49.905735,2.317017, http://lh5.ggpht.com/qZAFemmboYfJY83g_U9W5mMnQzDu49rv_yZQxMrn4odnW50jynqB49SapTBFG_QF-vcXhBaSa-evIZBgo8c
Fresque Murale, 49.903348,2.306592, http://lh3.googleusercontent.com/96yxt7NZZGFwq9cv7mGT6oveRRnG67pyDzP4Lyv99nqBWjFNzM7nMFgGBLlveOADf8eZvI_Ya7csOAcp8uVt
Ancien Monuments Résidentiel , 49.908923,2.317422, http://lh3.googleusercontent.com/y3ZiV9GJVp0323K_uuRg_4XxuexxF7vQNx3qMBYOxwAN-twUzquT9mcZhI5HrtnF5XMZluhMSAEQUIktjOro
Le Pied Marin , 49.923221,2.309509, http://lh3.googleusercontent.com/K7-P5ZXCNct3loR9Kt4YTQKZB9HNV1cQpS-mpl9ryAmD8HW2pzRVgKwXZ0wrdWaLyALrOeplVWVR8B9J9iA
Portrait De Franck Sinatra, 49.922931,2.309558, http://lh3.googleusercontent.com/BEhM9fVDN-b7ggLubMfsJ0JhkrXoOPjzEmhCzRibKL5ICSK6UgfNacfSV8ds9k86wPJUo_fsHTsP1FfjJZ7j
Libellule Photographique, 49.923656,2.309888, http://lh3.googleusercontent.com/KgkfyPmGnKgxsxurCVCItL30eSoK9hJqQsXUDAlFyYUTyPJy4ySD_pqggNK63NqJ9LL2MmkUHoqXQYCEdND48w
Aire De Jeux Geante, 49.922645,2.308667, http://lh3.googleusercontent.com/58O_mKUz6WTQPMcnUhqFHrtUd8L7A9fY3jNWcyIUPxngKMqi6kLwjU31Lzle24KKukx3A08j5DpCnftQOd8
Art de fer forgé, 49.910464,2.32463, http://lh3.googleusercontent.com/MJ-7OAb2fOKc_6gEh8QMK7QAnDxEKhCfMFZZP152RCydSGJuf5giXKWjQSRFuJfUF-lZGLSGiCXMLId1FIA
Stade Gérard Totet, 49.910212,2.321693, http://lh3.googleusercontent.com/1XKb1PXdDc0ZldP8yP7N8v37Qs1h1ToeNJTl1MyrzU3L00PO_o3JVv6SdcXXGL36zLvcl0W8VZw6OagA2NAE
132 Ans D'histoire, 49.910535,2.316606, http://lh4.ggpht.com/6HYscaHDeewQgxHwMjutOCo35fsv5r_pdjFfmeQagKq-Bt00TMh_ObXO-THCdqe2Nkba7etiQ2MmSWGxD3O1
Piscine Le Nautilus, 49.910739,2.312196, http://lh5.ggpht.com/k0pz8-4Vgy3Pv4QZRGtsaAbhc3w3c40fJDzm4CFmfsyUsU90LADKBkTCql4vHYJNRzVqhxtKHiDDxSU1RXZUVA
Statue Femme Qui Danse, 49.911328,2.324966, http://lh4.ggpht.com/mOiwKhwUrxc7uJ3cS7m7d_awdQ7ZSWw7yrUmN2bMV1grWbSbp_jesXHbJLJ-F5NNUNPJbTBpYSBMHFUtmN-_
Petit Parc De Jeux, 49.910568,2.323702, http://lh3.googleusercontent.com/EA0wpmKdeHfoMzkfc4cYUvXi3a6S7DAGn2jD8KEIATEim203vvtFSy_gjOCUMmF9KfVzVMpRvog17RCaL-E
Residence Parc D Allonville, 49.913921,2.322364, http://lh5.ggpht.com/jxPR_wPo7u2JDUc6SAyi7wm0LT5PMBMIGm8sILKUTYGkyJylOfcU8KnlPKRfp8DPHt3FwpAlIpzftzrlW9KA
Château D'eau Rue Mozart, 49.913125,2.303841, http://lh6.ggpht.com/xakMI5Nce8dbWmCmgkrdoU1zB78_Foi8bxDdyULHIOXhTAQ9JoiIGn56oGmwsvG_86Ez-Poac2AqesZ-0HQ
Église Sainte Thérèse, 49.910861,2.304678, http://lh4.ggpht.com/HSBmFgmUfZH4Kn4DESdmjuKcJYjD_Dq9Gk8BCMGfAkVKIORlfwXozRqw2M0F-qAaDbZ9ILrDt6mh0myXZGc
Pomme D'amour Géante , 49.922911,2.305872, http://lh3.googleusercontent.com/wVITWYNuB0rWICuu9kIT098PeLMXMA73O8VATX5LBXKKg010FRZNIuJgAzvU0ksH1vdYYb9t0hSduL-b2lBl
Église, 49.907865,2.302575, http://lh5.ggpht.com/P9QN8pGPKpFtmrrxH6J-46VNHGI4JkdEraLrUcEi0SbWt2zlPt8BmVfZYA7pQvDR1CJiU6GUOioaSDUZQ2Y
Car Wash Mural, 49.907994,2.304004, http://lh4.ggpht.com/_b1lTI58ia7zEvUOkCdX7ca812xIdJ8PtgvGIC5P1Im4TEKPBqOKRXdRz5iqw0T0-zJH-coJlfte7BAGCA-Zmg
Le Zoom, Amiens, 49.906106,2.305141, http://lh3.ggpht.com/tMg6zrLEG-uOuxn9USg2lnP3XBUgY1p0UHzFM4Fjp6vG2DVPsaCxiijQe0s09vQFUzcNVoe4gQTzcjbSCPRZtg
La Citadelle, 49.903205,2.298693, http://lh4.ggpht.com/t6CLkdCTCT0RUUAnCeADVWbhzZPDN1TSn4qYrPWCVWFQn1q8Zf3whQxXDZvRXG-xGvP8BxJSnuLhbtWJbvqjeQ
L'aquarium, 49.911561,2.300441, http://lh6.ggpht.com/BQPhwEUi89JvTC9GN4ryxXZP0XdZqx8FuEKQvR9MeF_MJNTC85QbCJSslXRP0e1uX1hKv5Q0rLAXQTY2gtUw
Triple Chaton, 49.910201,2.300299, http://lh3.ggpht.com/MbuSsDRaIRrH-mf6vAVo_f7ouAQv_BGmEwOlqjSvhIAzhXtRDiVUntF9vRV9REFDafpOoq09sh8_wS22M3w
Le Soleil, 49.908788,2.297301, http://lh6.ggpht.com/tpMwBYoV_lkxlgVcnFQYjgOMYw4IPD7bGBn0hwK_Mq94h5LkbJ9p701rtpNPZ1k90umNYMvzPFSqzK17Dehg
Porte François 1er, 49.903915,2.300297, http://lh4.ggpht.com/t8nQz_bbJPfPgF-77qGNK0MN2pKpXzgC-JTJr8LnRRwv6YSAMTvkhvpLJ-VZHwA5tTcjzDHOknihTW7XaVBA
Église De Lomgprès Les Amiens , 49.92364,2.262491, http://lh3.googleusercontent.com/QHojU2Ih27M3ZFIo6o7ZvKk8QTYv5UNy52fgkF6ro-iMcz-X8PM14dbsTXQ9auTQNqALRs5iITP1CwcOne3k
Don't Do Eat, 49.91999,2.262207, http://lh6.ggpht.com/Pc6y2vhL9RKdHDgesiEvk0HdIHWa97_rNegX3kZRIyIcAF3KOQw8AFhnaApij8SJuvec0VlBPzOroFPCpPw
Coserat Moderne, 49.908093,2.276964, http://lh3.ggpht.com/RRUssGQJ_DUcll6f7aK0MHMToFsoa9UDb9xbNRObVYBKUiEtX2GRuYc7abdL4an9n9CjARLq3vrEQr-zBfi8
Giant Dachshund Mural, 49.904559,2.273697, http://lh5.ggpht.com/qw5tB1tvaUTSt-ysgEJb5eqBbnkXKa-xosjGKp4lZ5xWSOm-bXvtqFdqgBu2U--m5leFDXXiPyTEW8zWPwk
Monument Guerre 1914 1918 , 49.917414,2.230106, http://lh3.googleusercontent.com/ApVCq6G2Q9Zjo6XbeXwlL31x61l2JTFaGZEZLEG_8_kMf-NAoddOftME1TVfkI7I9jUuuZgiIvm0rLfjVCSS
Eglise De Dreuil, 49.915968,2.22955, http://lh3.ggpht.com/u6S8xzb_OXRNxmd1FvDcaob6f6n4yWxDqg9grlT0DsefUBj8uulF882oWHmRnZVrFtOHRnJWeau6l0C6eUg83Q
Statue De La Maternité, 49.910367,2.257793, http://lh4.ggpht.com/UwwYvjtc_AGkDyhlAupcXn_oi6IU9bdsQoaNy3aUlJ5wUxzM4wuSZHa_bshA6uaqlLzsechWtzgLDnDQS2w
Memorial, 49.909728,2.259415, http://lh5.ggpht.com/3hssFVPPG31tMgW6wpFOYt3p7l8V-hMgL_gouGxakSyFk5VVvGZlChQq51RIJkbZAtbyoQu5Sy7LhYeaL0Ld
Monument Cozette, 49.913148,2.28347, http://lh4.ggpht.com/uu4no8IlxguUeGlZbIyX8BQYQIfnrUBOGZ06M4zYn3I7LXL8XmT0mNFRT6VW6zXUSzzz6bFizZUsIWtmYRqe
Monument Aux Morts, 49.914282,2.281234, http://lh5.ggpht.com/QlGwyBmiO87PYL7fdGT97-j60mVDn4w3vCF6sQUAcoN-tuP9JSUliDvdp3ybT-aIqPNWc9Fa-b2h5yfxNeo4
Borne To ST Simon, 49.910843,2.279082, http://lh5.ggpht.com/TODcFjT7_uFD_JlYZrRyR4aKCs664gfJqBUQP7XtQS2Z6RqJHZunnnTl1q7tQSqk6e2Ca3fNe4f9Tv00Mqtpdg
Sueur Manorhouse Façade, 49.912319,2.282399, http://lh5.ggpht.com/kmePn0HquMnAhw5TRhKUegASG3XYmyIAuFWuUw-HC9IyTU4cRaKa8VVCzRuFLCY-ZHfYXcoPGuQ4t0Q67bs
Madeleine Pyramid, 49.91507,2.28183, http://lh5.ggpht.com/1E2sOGazVhVS6TZtQ9ztsQgviTslIhNhpiQgIT_hUwF8ku_p91tJHv5pmK4xZ68UK3GSY90B0etL7170fFUN
Flame Sculpture, 49.914416,2.282073, http://lh6.ggpht.com/FaBOx9BX79uKrkLUfSL38LImKxRY0F8qcRDZXML8GMYiL8QfEjn6hWKuZnL5uJiSsBgDecbb5fIQpo8sf2k
Alexandre Lapostolle, 1749-1831, 49.915527,2.281641, http://lh4.ggpht.com/HY4p8GgatYerb0mk7ebx24wfkq3cXPsw6keyRGrAlA3NSfMEi-vuidXUwMmPyvGTtMtFYQe_QImTFxsHl1Nj
Morts Pour Montières, 49.917881,2.256765, http://lh3.ggpht.com/oxECAHbOBRJXgHvWFP_JmWKNCwwWl35sCsoGpQA11jaRVLCLLgxWDb2f46fPaGaGNr2hd8w81h0GaJVqxH0
Entrée Principale Du Parc de Montières, 49.91444,2.258551, http://lh4.ggpht.com/7hmrGATNpNX1Yb7POb3yCU5OfQM6RR2LkAGVqih68zHg-lfiqAKZDrRlc228fXm8_-A3Za4tX0lV_Ud4Dd2UvQ
Portail de L'église, 49.912167,2.256814, http://lh3.ggpht.com/IXucYxsKdN5mgMeqqm9PdP0MGBDAmR7deGWq-I62T89dLR5rvNKpf--iID6yeywKysPZbmNpNnWcI8umc8A
Château De Montières, 49.914769,2.25937, http://lh5.ggpht.com/q79L_P1s5-JJDiYGfj8JiUKxLop4V_POTNPHslxPED0r6ca8QrxaKFVqg6NmEMSrgnEKXFvaQoV6-GtE_MNodA
Bescoue Estoile XVI, 49.91491,2.257488, http://lh6.ggpht.com/slmCkUl-bpUrS9_z6cvBinsY6zoaU-wyObxTbD6e_Mlol_MLHeJwMIWv9t1gWG6xFJAhxzCGHzJu0cU6mV9B
Christ Noir, 49.912176,2.257205, http://lh5.ggpht.com/l4S-XppJnwHod6SaQSSUerYZl59iASjgRRiogI4FvO5BKPwbb5jCcNICTr51CwpR4hm4X7hiGTzZJkDeny4
Parc de Montières, 49.917425,2.257178, http://lh4.ggpht.com/J4XYcMOW2Oyf7BvqGvcF8mxciHMimvqCJ-NsrKcHLubZtigGSQ-ey_2tfe4UMo0otjWXSBF3XuZz3EkyYxLC
Amiens - La Poste, 49.902689,2.272937, http://lh3.googleusercontent.com/WmSseFdrR-73lg8UUhcqJIGklispH9PN5NKQ65PlOfd8Cw0pZ5mbQzntQMHcCGrJKRyfbGe1iovAiCeceHQH
Monument aux Morts, 49.903327,2.290432, http://lh3.googleusercontent.com/HH3_vqKHkls5csxZoDKtNnXN9iz5-_TPqghHIOlxuAFqwtTHkTxGdolQCft_jXvn3TMf6Lke6xUjYqJkHjjC
Saint Maurice Church, 49.90358,2.288232, http://lh6.ggpht.com/mP0ddRmoCN9gbbgZj1wg3F61zlMICndqC0heJYmTo8wENSk_0a_SrnV0ihYCmOnldQz7-sWMl4ZI_vG-c5I
Le Premier Né, Amiens, 49.907227,2.291036, http://lh5.ggpht.com/hBlVAXrkbFzw4Cd_K2BVp2zpnroANbIcat0uwrnm9sBP67TgCpG6PGBl_Q-5eMYussclmZP1-vXo8ig4tK52
Chapelle de l'Hôpital Nord,  Amiens, 49.908294,2.291922, http://lh6.ggpht.com/SL1-PG7qkHwBscluE7OXUOZupg75IUvx8uZoKRenh3me-_IYXj4xc1BiFPoJZTFyaGKUbBoPjylGAKkjlVEe
Tombeau De Jules Verne, 49.914443,2.2847, http://lh5.ggpht.com/Pce_Npy2gj2VBN7N0jjx3YdU5-nw4WrsS6htISMhuX6Rx3N7dj271cg7jINHJ4FYzVyI-_-OiGnVF7zE3cI
Jules Barni, 1818-1878, 49.914386,2.285688, http://lh6.ggpht.com/GlklQ0BN_i9IksZc_dTjoLaNAWwGDEurOWSFnMyN_ZhW8oAZPFGH3gcSqFmKe4BZ_foCCfb0fGLEVp7wcN4
Lamare Statue, 49.914134,2.284802, http://lh6.ggpht.com/55-ZAxSRcYq38SM5nIYCt-cJqvMuGQBgCaYjMrZiabz8I2ryZrJNzA74_S3_P4PxB3NbzQNZ9SDZ2K8mCCDT
Beffroi Cadran Solaire, 49.895365,2.295925, http://lh4.ggpht.com/5QOj0qApNL02rL-jXISXkTX4hG8FdJvzvVeqe_pUUwVujKIgeffnHBcRhr5HFEy2noEl3P2PvTWTCcvQkazB
À la mémoire des déportés juifs français, 49.89346,2.300319, http://lh3.googleusercontent.com/zfJM941N40jAl8-rpJN6VlYKM1xLBaWn9HcuBRLyNG4kVx6jIz-ecmhCRFTSbNTm05bSbnzH2qmqgapW_iw
Façade des Trois Maillets, 49.894503,2.300844, http://lh4.ggpht.com/ufFyS0smEhQvd7v8-lrNzPqbQ7m6xJoPLXkndmOdL9fR0jP_UdvwvQTQP4qowx3Orz2VMM7bqESO29jMpaTZ6Q
Façade Des Nouvelles Galeries, 49.892666,2.298704, http://lh5.ggpht.com/AnPrlu6vJ9rBcZ9sMXWAGoi5ek2euqDVbEhtA20x5dZaT8vADhjS7liRHnu5zzGVuseXLKLBWWDxqsDC6Dt9
Maison Du Pèlerin, 49.89518,2.300624, http://lh4.ggpht.com/o1ekIN2q7XzKHygBGJmMHolIuHmxvXhPuxOe1LPO8Aqo-KobGANDketL6rX58Fnb9NvEvh0yMGr09bJgu5HXwg
Place de l'Hôtel de Ville, 49.893421,2.295454, http://lh6.ggpht.com/cQ1rynu9Gy3EIBSesq97DZEEg2FAgoJb_qyqiZ_TNV1XzWKzaXAmCOb5PSi9zHQ-0KWX8Q0kd5zSUj3W7ErP
Beffroi, Amiens, Somme, Picard, 49.895492,2.296155, http://lh3.googleusercontent.com/I4g4WXfiTtMyuCJefFy--aQTIClNA40uPiNZGb8xMVQsH5bc9T9IVUwhiwvEwupAYL_YV2P4ygYboxsbm8g
La Poste, Amiens, 49.894712,2.296181, http://lh4.ggpht.com/9h7JQY9Nk90JR_3bxlBGA2h3K53OBTXzenZD3cP8T_LUU3NVORjQLmvVr0JwxXH2s3JO76CvEeuFRVzAwLCwbw
Kiosque Du Palais De Justice, 49.893231,2.300472, http://lh5.ggpht.com/q9THYXu0Emvi9rOCbrzE3i4pufUhqWC17rHjL0JuZoq0CrucB4BJDVUoCW8233Sav-6E3tItn5uwMTGRJr4
Marie sans Chemise, 49.894043,2.298661, http://lh6.ggpht.com/AV4rNtpTYDkvZaQRe32FkyvT16pkEE7SiqybfNVkBmgGWm9wsP114SI0_XnAK1zFUtuLCML8RqZXFDzLfWs
Le vieux puits, 49.895131,2.295894, http://lh5.ggpht.com/oVnOCzYzkGPySghcPa1aUjH1wFAYhp-SibJJhFqM23eNrDrxNwv6LxDByfCeA4NlCbyqGw0ehODnGvXVyNf6fQ
Historical Bow Window, 49.89341,2.300696, http://lh6.ggpht.com/mbwq8yEbuZ8qxgXFzYltkpqS5-HkOLHiLUCEoZ3tYs44dH_SPIO6LWHVVzFfP2kBP-gY160arYVcG1Nj2CO6
Jardin Urbain De Plantes Médicinales, 49.893657,2.301398, http://lh4.ggpht.com/xJBGR6rAq6dgsyUxwJgA4hhZuRBc9wAMsf9aVb7cFk5ZIzB-4J3WHLYKLQEFdKOhap0p29A4Pha-z7iywH23
Église Protestante Évangélique d'Amiens, 49.895502,2.296627, http://lh4.ggpht.com/gn5Uq54iQOdhBBu0vMaP4EyvTf_53UqVL--CHqZnacjVC6t-wvAHvpr1n357as274_eB1WB2zwXrx5_0-eWX
Le fou du G, 49.901453,2.298016, http://lh3.googleusercontent.com/rz-9EW1n0IG-qeZb-YcToJCP8xdI99ssLeTfdLLtDfjAjjzfAEfkb5ZoMujD9T-PZp5pI4PxZnCMtNeDl0Z3
Le Cornouiller, Jardin Des Plantes, 49.900762,2.296884, http://lh3.googleusercontent.com/Nino_E2w0hzNQliX6isOx98SaAcvIXuvC1A9tjkaMrxl3I4oBmiheK5R4tl93Zq3_AMBa17iuf875pTWTmc
Maison Du Théâtre , 49.897361,2.301363, http://lh3.googleusercontent.com/PNu6Z5VEge-mSbXIZciBmzhUFf_9bPM8VFbwHFoQI_KD7BjrLImj3lXTYfftYQV8Lli45X1VbmywpD2j7lqX
Plaques commémoratives, 49.902429,2.299018, http://lh3.googleusercontent.com/VelIBH8A_K5cYCwpR5qwxG4bKYC-QNykUo1A6TQIjyFXU9TqSu0NsjQYe2X0MzbaM0lGgqPoSZ9i1gluS_oO
My Goodness Irish Pub, 49.899209,2.300662, http://lh6.ggpht.com/K5VyKmrCwyfZUetPf7vvSaWg8NyP1eI53KMqXt8sfu24vZlC36qzqz2fsBMzfkgRfW-rAEZ1MHqc4Fp8AcQ
Former Vinegar Factory, Amiens, 49.90052,2.300921, http://lh4.ggpht.com/OsJvRQc2H-qQF2o3TF0l8OhnJoKp6u4PwbQp8EjfuUnLBp7ZsSST7wz7V1UrwsJ3wh0y6JmLM0d9RxyfQjicJg
La Maison Au Chat, 49.902108,2.296992, http://lh3.googleusercontent.com/i7UAoZ99pdC0f_3NQNrRvd6xb5jkyEh7tTwrWeLZlaoW7yX8T87DHzcmAJ-UOeyPLSnhpvChl8u87-_K7cvD
Église St-Leu, 49.897594,2.300886, http://lh4.ggpht.com/cdM8WpJB2BVZYBwOjZIKK4tJnsTMF650yvm6t0EYrQcVoTo9UtQYZW-EQ-6VUcK-n-3jO4bNgMseM_fe7Qf0
L'église Saint Germain L'Écossais, 49.896422,2.296247, http://lh3.ggpht.com/zjU3vNvVrbraXxOTKU9DikfX4O0FR_GX4Oj9YDHES4p9JDOIcl6PjykFMIhzsc1U725Frn_yJSPljuMdAd4
Centre Culturel Léo Lagrange, 49.897673,2.296873, http://lh6.ggpht.com/wmDpf4Extd-Cuk_2Mz6dw5MtlVXavPOyjYHrae9kvmAfNNgs7kwa-0V4IhBuoG54uEShGv0KbWoM8wytNV8Now
Théâtre De Marionnettes Chès Cabotans, 49.896829,2.301709, http://lh3.googleusercontent.com/tLWoJQ88zTaKddAodV-Iy_gX53s5VoLcTUk9PLqW9uAo3BRHiZ1O1DCW3KPQVIykkFEdeH6fScI9Am7qxw
Colonne Du Tour Du Monde En 80 Jours, 49.896363,2.301383, http://lh5.ggpht.com/7oWpAePcnFQvss_FnP309L7b8yiU1WX7mhOJmkkgJ0E2FS31jHIsFAPG_5P590sCWWO0UhK1xjWosrLsCY7E
Abeille Géante Du Jardin Des Plantes , 49.901002,2.297195, http://lh3.googleusercontent.com/beLZaoKiaZeRU5msE8Xph0E2wL4M6C-dmCRmhLsOVnhW34I4_A57Dicpco-umzfa98lPioQrLwQaal7EJeSN
Sculpture Sur Bois, Jardin Des Plantes - Amiens, 49.900284,2.296429, http://lh4.ggpht.com/1OrHtCQ4zbcJx3SrL9T1lH0-5Km_3PbtgWjPSPzh25XSPOTQ1LQ8JRLfuKwfic7PQMTpBS38Ag5WHJXFf0g
Amiens - Fontaine, 49.901073,2.30162, http://lh4.ggpht.com/C7mvyJNmHQiADWr3F04nj3GVH_noNddfn5VviRVfEdjEJ-T615vpujeC1sjHW9Fao5nDTeYX7teHEpuhWSA
Amiens - Ancienne Chapelle, 49.898706,2.300418, http://lh6.ggpht.com/VcPJXc3tFrG_JUWez_PFfY4zWoTplMYhND3pr7lpmFgCe6ar2QihU77gxWcvv6SKokfkbCEOdUOKytFIi4Ho1A
Le Jardin des Plantes, Amiens, 49.901578,2.296407, http://lh3.ggpht.com/50u60PiBOXnLnh9gV6ew92Vi53OOLfE4JriU9jMGGqRaFwdHwe6V4Z6G3Pw2LRytfR_m_wFdHzy7VTxrmsmW
Mimi La Fourmi , 49.900521,2.29687, http://lh3.googleusercontent.com/WeDh7u6L_7NZrDcd3fkF5B4fkpe_ECfGNYcgqFPb_oVIUcQJTzoNty8GI0b9eYKAaviu1yFyo1GiSPxhMlo
Le papillon, 49.901469,2.297012, http://lh3.googleusercontent.com/sv76va7bMRRKCP7l9lULa9f2svBrmPDqrqAgO7thbNJS0c5jPvWToFXw30tHfW_GEMb79kNxSHV2xG7xDT41
Bâtiment Des Minimes - UPJV, Amiens, 49.898906,2.301569, http://lh3.ggpht.com/T9hewmA45hfr8_zZA2JexwgU9NSXAOJzm3iMUfI_EX_npiKrhdj-JTrsDkjg7pyQSe5c3D8LE3_e__kOX7av
Amiens - Les Demeures, 49.897472,2.301107, http://lh3.ggpht.com/2ZCsTukL-aSlokdIRMi3KLusu7K7jPHQQBNcw4EPJUXc6hfKsV0JmCLiWE6Ep4-iHgEMsXEQmLInrpfgEuN0
Ciné St Leu , 49.896603,2.301686, http://lh3.googleusercontent.com/mWTFild1C6RerpijwRzK2OYQ3rLeJNPWsQilBoNw5FUVMqyQpk0nWXpTgEZ6X0KvdsDr4jbi-T_8H_IjzoY
Fontaine dans une arche  Amiens, 49.897024,2.297288, http://lh3.ggpht.com/c9yQ2zpVRSaUV5lKzYHp5roZObsiQdJiNW4vbdQe859DiBSLvDeZtV2DdoL_N_a_3p9VuYH-MOqzZRKiL5Fu
Square De Darlington, 49.901008,2.29845, http://lh6.ggpht.com/aSv1r7s1ANRs2PVCcOTYSSNxdx1TXqmIFiMvipCZr0G_wAnj2_AhmFFvtm1b-2L1qSly67McFi1IopD5uWTD
Fontaine Du Jardin Des Plantes, Amiens, 49.900551,2.29647, http://lh4.ggpht.com/MgEAYKo3WLOFOdbGbHugmYK8OaRM7kaZqFCTjSeIqGE4stXEVrFk-eMvcSs0sSlgq4YET_1v7QcaDdaOTxFe
Hommage Aux Sapeurs Pompiers, 49.897766,2.29927, http://lh4.ggpht.com/wvgWUPt_r6nVoEyWGUERasYrLf2Lz4eHLw3_2B7RqLGJ1HPqL6yL2GGEl9DvDftxy_xX08g3m0Lldw1Xw8X6
Serre Napoleon III, 49.901032,2.296691, http://lh3.ggpht.com/O6m5yM6vC-WUwX3LwlrGDrmVJvE1vJJ7tqi_Hvs7B5OREUaS82wfHX_BBhaGwJFxnj4I7Z_7iunULva8DzgR
Place Vogel, 49.897613,2.295387, http://lh5.ggpht.com/7kYBvXVg-OHyWiTpPgO_do_PSMH9psPstT7LTMMzbxkAhq3qofMKUKZHTL_KAC7LWX8FeUmNIt77dQYTjU9RBg
Chat du Cheshire , 49.901677,2.296834, http://lh3.googleusercontent.com/jC6DTkwL1G2F6VLorP7FLVoHCOIKMIQHz4TDNmCiiBObVngCcwyNzNg-9wy_gKIjPozWyES1C9qB5QtG9EM
Serre Hollandaise, Jardin Des Plantes - Amiens, 49.901589,2.297428, http://lh4.ggpht.com/Bn5MPqKbWO6B7DvjlDC_h2x_UkLUy9FJ8CQFGee3EpPRMAiZbPh4U8d4A3bRkTJpBolrW5-3rK5inaA6zA2D
Pôle Scientifique Saint Leu, Amiens, 49.898548,2.29651, http://lh3.ggpht.com/VUsTzln6Jo4GYx_4lPA9xYEoCQbzpXTKOX0FIkO79XkedlyubJrFEqLorWoXRxjr70MfdquBObfzyscxduEe
Amiens - Totem Fac de Sciences, 49.898453,2.299609, http://lh6.ggpht.com/9HYCk87k_KbJe00b9bdU5Joc5Xuuf3t5In4qa1ny6fB8nqKpM7TmTgW5U2rKKjJRMO0zsj9YKzqegp1S-3JUzA
Peinture De Cheval, 49.896216,2.292669, http://lh5.ggpht.com/9lmUgaltNX0ukBiO-Wi6jstnVYlhv9bdKlz0KeH1b7aJr1Gg5U-e9RH82lz2nzpgmthVyPH53RPsqEVlwTU
Fresque Grand Canyon, 49.896347,2.293068, http://lh3.ggpht.com/YkDK5MNO6TNlAcGfW9LGjrJUXgZSfRvSb96I_e6BRzOtLEjFVcD9ub_jp3WQRxY7IwyA0oIfSKGIyeVoU-R_
Porte Historique, 49.897229,2.294028, http://lh3.ggpht.com/LZB4g24DYDnG6RMVHFv-mL3m4RVw82gyH9jY2xu0V6zsGNg80r9VrDHzWOwXB8E-q0V-Odoz4S4QEQrVMlM
Vieux Chateau D'eau, Amiens, 49.897966,2.293913, http://lh4.ggpht.com/oGrzATEk1CtRVhgY_ZSqN0NFrq1qZf5k-x3F53Te3_uwVkPs52RDqqzrRcsTVUzrpVJMbDTkeBOgX1S4pRS2VQ
Fresque du Centre Culturel Africain, 49.897545,2.286852, http://lh5.ggpht.com/EpnW43QqLSLCSu1E9HwnRdYGm3Dqi2khelk3KWocj67hKcIO064G_SQUlrvXrK5XfDcOJyoQEeCJU0k6xJE0
ESIEE Centre, 49.899534,2.291569, http://lh4.ggpht.com/Ym1xxRjMAWsR9NusJBqnlNGHBEM6Zp99Rfx5NS_U_FrA8FkbV9GvcZrNXqb58wr5XSWmeBuTvMtmS_kpa38
Square Des Soeurs Grises, Amiens, 49.896963,2.29439, http://lh6.ggpht.com/S33uAoIqLctnrNvC3zFW0kVoAyDXjxJoFaSLy_hFBNIt1tKzGAUHFWBINkrI35T2AcqBACW7NN8ecrYUkreBrw
La Sirène, 49.894329,2.292829, http://lh6.ggpht.com/Qpt74GT-KMFiARm6ybmOuyRImxwHhXr6ZzyzpXWLwL3Jkx5li0_nE902D2hnBsBWDec-zDkprI_Akq1gXI2HaQ
Nobleman's House, 49.892459,2.290162, http://lh3.ggpht.com/REF6ENbl0_QZaRt6ZlcNYtyj4qIxPfWJd5cIyyeFZ0gKm7mChSsF0ul2fv1vNR_8HzzlVwKOj88LGUEHMYor
Faculté des Arts, Amiens, 49.902078,2.294082, http://lh5.ggpht.com/2vcCWC0qjcVoLcbgwyLz_t_tLIbUwyuRanDorr2qRrAh1WZBwsElLNBBwTHP2NTulSfbbWOg8kRbZqXYzR8xgg
Monument Des Morts Au Feu, 49.897465,2.28578, http://lh5.ggpht.com/kw132E2xK0TgZAuRnISX-mZ_hALZzOZnjjO4qlq81sI8U2pasY3ea1pcweIENoWYhtZhd6_CgDo-TzHPhc5gAA
Sculpture, Amiens, 49.897975,2.289116, http://lh6.ggpht.com/bzJtxNeuNMd4Y4o9hoBWPFlMvr099cp80B6TIsuF8rDHYCXEWzHvIuyKoWfVvZfmXS0IyflKcV_FLOcUcBq3
 Comedia Del Arte, 49.896626,2.292186, http://lh3.ggpht.com/QFuQYR1VgEUFOkjFsuHQOE0ltOETs8MTDWOn94c0eimmRQxUB-Qq1FfriMXOw87If6muw5PfDVNFkQqCDXfd
Statue de l'Ours, 49.897569,2.294675, http://lh5.ggpht.com/pzudEKxXx7r588Qoz8_VgTfFo__OYmjnTxphBWPgaJ_Za8GCboDC-AJC5RYAnEEfUyDr4HPE-U7AWRfRtM1n8A
Institut du Monde Arabo-Musulman de Picardie, 49.897259,2.289897, http://lh3.ggpht.com/lSm_n-IOSt-6V-f-LWLaqrkoP0K0vuy6y1aTUvbQyer1Jy2BZkmiYaJ75K-OEOasiQAibwQfGot9WrBLhGUX
Art and Design in Amiens, 49.90224,2.293641, http://lh3.ggpht.com/-mltlgF672ppUGj7x3_ce1A783bihLE589jgdtNVyR3ck4QN_5BSyfZ6udchT5Zn0irND9lXCF40OW7BhQJ8
Les Grilles De La Hotoie, 49.897744,2.286057, http://lh4.ggpht.com/6AVgBTOEdkGrSdKTE2S48G9AjVahw5iWxHsgBoDTPp5Gs9lP8cSiDDm1LhKAFfAWZatn36Lkj3-7X8VwRY6B
Dancing du Pavillon Bleu, 49.89986,2.274953, http://lh3.googleusercontent.com/ZeRLv6tPjlpYEHheSX24DLnPaZVoE7RiVK9rLzpc3J2T7ndO6du_a7Tbs1BeaTmRa54Pf1ilH3wEgMb9G4sv
Art, 49.900043,2.273878, http://lh4.ggpht.com/SRPC7SeNSSZ8tRTwlZoS8SzJ4j_C3QV2qL1XZtBZbIEMqOUS4Q6Bqx-MpFtdY2evEFM7UbBoaJjMSgQSkO8L
Zoo Amiens - Mural, 49.901529,2.276036, http://lh4.ggpht.com/9hXvKQjX8mynDPpRQGv6__JjL2FdFkTZTk1dsHHaIyo9dh3f4kwLWq1BVemYTUfD9Tpz6JgMq3ZS0BmlNOQzMg
Delirium Tremens, Amiens, 49.90091,2.277917, http://lh5.ggpht.com/ISB0UjSWv85DQ7pNWmTW6h-QmWTgsxAX4vYMY0Ae0vjwy7f1akoO-5Sv7_YXVKlYmCMOI3pZjdljr9cOW3E
Le kiosque de la Hotoie, 49.897503,2.282023, http://lh3.googleusercontent.com/SpeypNfyalXqKh-y_FzQUQmeqmfWSD0FAzAQOLWa1RGvQD07OqPea078-A9UpiwmPnY67fh8STWhSLfuiqIl
Zoo Amiens - Kiosque, 49.8998,2.278861, http://lh3.googleusercontent.com/uzBOzodGVN3G60d-VLr1l2LUZSkxnZJcH-Dr6BXCbnRsORAFzV774JCfPrgMr2IqJks_1iL4KnBDAB5JCc0
Zoo Amiens - Totem Éléphant Pélican, 49.900231,2.27834, http://lh3.googleusercontent.com/1ZpnugC5tIjptZ3bwioq8raI0Rk6eLZ0-qe1QpHml6KeJ4xp9p4aVXzGBaNTt5-onnEqUft1kIugnK-UnSeE
Eglise De Hem, 49.901948,2.278366, http://lh6.ggpht.com/d0BOOeBZ_pGrVtqPvVVN_jJBmPchgFRl5__QDFtg-OJxNb9zifx7diD6ehhrwzN2dCAF1p7nst8Rs8bDCjZs
Zoo Amiens - Totem , 49.900307,2.275582, http://lh3.googleusercontent.com/IfmV_y389b3I7QxmnkD4vKyVfGZGoKwFAoHnLyA1qTZKTN906HV1KGHk1pIhMZMj9uTb6_LU0szCUnMZJCfq
Hotoie's Spider, 49.898566,2.275662, http://lh5.ggpht.com/2Q6m5GDhi-pwFGWcw6TDDTDq_TN8KyhqwEtFwtgq-UN0sOvXmJumwAQpr3ZV5S69xVPDPMH8-WoLGTfmMWH8
L'Ours Noir, 49.898095,2.283642, http://lh4.ggpht.com/P-MMPv34A9Mfd79CGEJ_gVoR75qA9UNLMWMtc0APcpKs9MPyLwuTXS_iCgfdajCDlM5cdfiXWFn1vTtrSzZr
Les Pingouins, Amiens, 49.900029,2.275661, http://lh6.ggpht.com/S7RtNn8M8EDX2i51y_ATbhZeSIKDNYCHtOSlHnO5rc6jpFN5B47gNrzJrRhlrmbxachU-O58VWltYJnlF_pz
Aire de jeux - Amiens, 49.898683,2.273623, http://lh3.googleusercontent.com/QysBrXWV08g7ICeEwvWGWnZHMcyBuPDuj8sJzreovaWFGzEJPKUuJ5ZUDuwgR2WmcY8mMhw4xm6IdxGbwAU2
Zoo D'Amiens, 49.899736,2.277977, http://lh5.ggpht.com/C3cNU__4-t9cYfc9mLorXNyqIb2Mcl5sEaWBreeknMTUrMGxs_iVuhb1jMHGvVt-veFIOowPwIc8QnOaeRcT
Statue , 49.900537,2.282531, http://lh6.ggpht.com/fJFBGQ4FCvkbqxB4aj5cfZ48Nlp9qnaSppbv_8b-E1TI4jcyUy6J1NJBzDMN5b20PV7BOcg_bmHSeqejLJPExg
Les Sangliers, 49.900016,2.27745, http://lh4.ggpht.com/xC4Aqf-ghChJPECY9k7iEllrTwOJNC9WwwivwpWYQpzfS5vUPjqOuQ8vynw8xlcCAO-jR98pkb3Dou5FPUS4
Les Nymphes, 49.889447,2.297985, http://lh4.ggpht.com/Wjbc8kQ6mJQel5YIIY73aMVKycWdZmPDNjwPUIFSc6g5sgQEcLZhkEnLfiS5fh_Jms_sBrmBcElo0eAASysU
Statue Square Jules Bocquet, Amiens, 49.893055,2.30029, http://lh5.ggpht.com/AHY_M3l01cnwEcS8_H0KW6ZJv8S7KEh3E1mPln9LplW7eiQgck7tMiXcWdVb4-3Ka3B0h-tuzZo46rV_PxYx
Façade De l'ancien Théâtre Amiens, 49.892412,2.299916, http://lh5.ggpht.com/QnxV9TQPHi0zuMoBqjkSJQyL1tIjGs4_Fk6C4bQn7yzbWAes7fAIyQtFAJgobpEVBaKwbub7DaMWztp4UVOh
Fontaine, 49.893357,2.297345, http://lh6.ggpht.com/LpiSIEs22MWJ3RmQrfVZtWZxNugOxesD3GcpV8_aWKBlKK-_acYAuxM58HnhEvVLmCftN8dh1EDja_D0OOUjGQ
Logis Du Roy, Amiens, 49.892867,2.299909, http://lh6.ggpht.com/zaHm6_Fqu9yUO4MlHZSuXOV-Uy747EmFYaWe9wbJmewc-Cz-3tyk0fdXRkH1crFaHD3PWeR6HcVIMZ1iBwQN
Maison Historique d'un Noble, 49.894071,2.300688, http://lh3.ggpht.com/rxA_XoRmKwV97qCHc6ZnAv8AQa1E65n8hFOjv3aWMbonRNUFdBafi_yY6LYHhux-bgI7tiH6AWoUG_YCQJXIkA
Eglise St Remy, 49.892012,2.296813, http://lh6.ggpht.com/F4S4h9OMFibyvI56suZohCulRFS9QScmNnGoKiYL_vowDewQhLHnF9MNgdZ48UG9PVzs2UXPBIWLTIA2q4f5u0GoVEvTr27pg6dUW0MJ9Q-UGqM
La Poste Façade Moderne, 49.894523,2.297331, http://lh6.ggpht.com/18g7tuyI2sJTzhO9e4r2OG8YqqJb3W1PwtPbhvJx9jra4jfYi-_sUNt4WgOI1aC5PgUCTHtzNfsbpriMUPKC
Grands Garages de Picardie, 49.892168,2.300106, http://lh5.ggpht.com/rrbYU1CElkGCkJnpl0nRQqJ46vYcQOto2FPMU8VU4OJ1MoDZhUpJiQAcY4DrzHAvLV5VqVwPTXozr8ShwRUu
L'aigle impérial, 49.889463,2.297164, http://lh4.ggpht.com/FyYxp6nBcECOIHkfSeGyRfvfuTtqFp-NPyX9vWlLomHi--Va0odWBXD7M_0lhr_Ksaa96gF5En9GaA9984fD
Horloge du Passage des Jacobins, 49.891883,2.297544, http://lh3.ggpht.com/AMTpal5tX6x6lIRLt6vW18OohHDxWvlcL_UvbD5e040op5AHGqA1bpj_5pOVhVQaD07HL3wn4k1laZf_nXQq
Hôtel du Préfet, 49.890571,2.296556, http://lh4.ggpht.com/u7Q1ZlYTTM1dzXnJRTnMjUncFoQLKtiJNejFcYCQnPfr4-OGNarZuICySiwRulLJ9yREpjfywfO4CsuUkL_gow
Vieille Façade Sur Batiment Rénové, 49.89232,2.297944, http://lh4.ggpht.com/30_dq6QVfe5MTEJ3AwOlMGTeyga2-XMVxLDF48AjWHKTxVVZSL1e8rfskp__xjSvwq4ikxiniqI3bBvrnvw
Human and Lion Melted, 49.891345,2.301377, http://lh5.ggpht.com/exliNBZyW6MkDt7cuIsaz2LlT5brdpf22rmqWp3ybgLnOZQ7ZvoFGwkYUSVSMQyhsJqrsLK4EbmhyP40EC_YpA
Sculpture Du Dessus De Le Teinturerie, 49.891742,2.299472, http://lh5.ggpht.com/La1elMvgqaD245R3NcZ0oy4g7votUgEGs44rji8Jvfg5HGlEmrthMInA4nmw9YH69kasUNBRQVbqoa6MKp4
La Récolte du Cacao, Amiens, 49.894836,2.299991, http://lh5.ggpht.com/lKXXE_YOTdUxb3wP12p7J-aVQ8BiSmFEQufjQSuqLnbFYzL9WH77aWoEr8tyIV7rf4CwUBrqP1fFTP89RsifQQ
Leonidas On Door, 49.891071,2.300415, http://lh6.ggpht.com/XTeVNkMig9R0Q39wOs_wQrXQ2bqe5Da198wENEbDppRHwJddk5sYP79s52GpAdqJYPgeMggg_uQcmmAO4vgc
Huissier De Justice, 49.893131,2.299102, http://lh5.ggpht.com/s-OIWdDVMzf97fMfspvJRjLY9oNIgA-szTv7PKuGiRW8Ho1MHFHn2T-TJahSgOm2KpDndyK8QlD4fZnWf-yw
Les Armures De La Maison De L'air, 49.891684,2.300036, http://lh6.ggpht.com/0kfRbtk21Z5NjiyOf10GJtxBUFFKgr7e9Gzmn7iUuyTAdTnFN6tgRmVpD4LkrpwpqP3cGnf_pQcuRuolnOZg
Sphynx Rouillé, 49.890656,2.295886, http://lh5.ggpht.com/ALP6X5AC_XxtWKoXNgZcc7x5Ave4Yc-LQg6KQa-WacFMYGrIunyVBI_ZWpZsj9xuT4mYrHO-qMAMwLFKNxI
Maison des roses, 49.892033,2.300578, http://lh6.ggpht.com/755RwOdkAFHt3IcUMqeVQpxh5sQVxr4NgngyE-o_iVUQV2Oxi17PPponeB47TCnp8T2VqpEE8tc6ofO0V60
Parmi nous, Les Infirmières , 49.895345,2.301018, http://lh3.googleusercontent.com/MLu9gtfPBrcROcW9pUx1fY2WAZxDQDCTq6pmwXTDAwkTtvHPZEH1U6ycRPQfwbql1orQwLwZkSdXlt4-W2iV
Salle De Lecture Bibliothèque Municipale, 49.890183,2.295537, http://lh3.googleusercontent.com/vIxKeVp4W3Q9ZgGgNPtiPcg8botuLLfQfLcC4qhXUOoEDsm_J1qB1dCZ749D0sG4og1CDiw5QLkfMbwKZrRx
Amiens - Square Pierre-Marie Saguez, 49.892174,2.295971, http://lh3.ggpht.com/9A4s3Ydgi2-Bdu2kmnk0MjsOx5jHH_K_td3IIWPbgzEDoMKk-tVF8yEZHrxYFmxbV0U7LBH81XzdJxd3FrY
Office De Tourisme , 49.895188,2.301325, http://lh3.googleusercontent.com/gv5LY0ZzwJN8BLDphwX7WOwvbEhBz81RQdfcDTJvL7ZKtLPwxGltwk6o4jnQUKzCzBRYNDZbCX-YoxgnMIU
Chapeau Melon et Piles de Livres, 49.89461,2.297888, http://lh3.ggpht.com/m_wHDWGf23MS3NblJzUTgDJNliUVKatLUIn3umkJN8lDChDww_OwLQACxIEHNUJ1boTb-9CcSkjUp8EP1WA
Façade Gothique Dans Le Centre D'Amiens, 49.893655,2.299155, http://lh6.ggpht.com/n8hdOf6VPQFQjQX50MXGselJYHsKRmNymiW7X1FspJkkIhxIIT5IQQKl8xPsVKuhlrUjPd8-te7Pr4yF0W2p
La Façade aux Chandeliers, Amiens, 49.892333,2.297612, http://lh5.ggpht.com/WYGsS0IsEMCo3G9TKoeIeyXXtOjPAxiWV7dw2r730uRNdh_U6Fs50gZj78JDDMRjUd7wvWj-trGyzvJJt-53
Haut Bas-relief, 49.892072,2.298718, http://lh3.ggpht.com/oLECax0NocS06PRcC-uZDi8TaF4vVZvJFGtIN4_XT9hoppapMffHyLH8EZLQ61YypbfOizfGH6hXRSi-jZOr
Armoiries Étoilées, 49.891113,2.296424, http://lh5.ggpht.com/B_F6lUS_ca3PUmk6_5l9aAqRnRfYj-Y6NLeDqeejz_toBlPUacIBKSSNoOCBZaiGAi_pvSqhhZ3rOMwi11da
Librairie Evrard, 49.893833,2.29622, http://lh3.ggpht.com/HL8MPi27nfZseBQKBRtrUlrALdISaQ8FN7nbFs5xrJoTcLkzwM8nWdaldcKnxNxLPiSu45lXMkx9HnyqbvM
Palais De Justice, Amiens, 49.89273,2.301278, http://lh6.ggpht.com/-RMmOoxy7QrLN6HX-5cB-9phYvO2VkQX97Zz2kmE2CnKamBXsLnCONqROSCiA1ghjEUINd1pjsnGHPRuWyzI8Q
Le fileur, 49.894975,2.29935, http://lh6.ggpht.com/GYRE0QzzdM0diRG1ecG2tjWqtrOOeX7E8zV9xFufFr80FPhWiH3VWxGqOI-cinXgkdOd9pOU8c1zXGj9Qj5rMA
Armoiries Du Gouverneur, 49.889813,2.296504, http://lh6.ggpht.com/pMxpN2RnINqm9Kpahn582k80fErAeGMqvlgc0-i1NPFjPNBjPg3UtPQW-PODTXmTakgtxBz19D0Xctn4Xza8SQ
Statut Architecte , 49.890155,2.300474, http://lh3.googleusercontent.com/rPLcvAgznvMv1zYFMrqvxvjVuWU4yrfWvqldn2VI9-f-9c473SWNPJDu5iFZhqD25_kSNFIl8zezYj9W9gWz3w
Inscription 'La Paix d'Amiens', 49.894364,2.295955, http://lh4.ggpht.com/ob_ubDfWr7It0lzUJ5q44qpwuM7IaKQN_PW67p312q3PopDZFSsmP2L4mB1rTWUv4sZejLS6kqS5zm8nWaqb
Chérubins Peints, 49.894407,2.300007, http://lh3.ggpht.com/zH21AJ2gAmQvI-sFae7oLA9JIActi1DZI1aaXZlXORYgqzAkIawpeYTjGemglCzdORc0VZg8owjU8zMuXkiJ
Amiens - Ange de la cathédrale, 49.894643,2.301705, http://lh3.googleusercontent.com/A8izyLs7IM5oy8rTD2dOqZv7leLBii6hABvu1ZjWKesIDv4UcYu4txAjCUD1bXGt3y9plTmhk80yyW6WRSOn
Cathédrale Notre-Dame d'Amiens, 49.89487,2.301179, http://lh4.ggpht.com/_rhHFJAONiPmxpEm7KV0io8eKpdoCWUiXa-ACndLGxNG0ZvXUK4xyUoVECPAYPYMDwilvmP2QQJ-qqAoBvwS
Bâtiment des Archives, 49.890942,2.295403, http://lh4.ggpht.com/x3qsStlE5mce0G5h_tZD1C54y6HzCPuTT55s-jDYB1hwBHe-QIMZ6h3H4AGGZV515EDFXWJ9-IWUW0VLRWg
Tribunal De Commerce, Amiens, 49.89304,2.301644, http://lh4.ggpht.com/s0YNBEgSHvAvM_6L-4aezPVOfg3xVrc1mZwHXPka2K99dD7wabJbZE_W1XB-ut2SpkSmwPcJ7CJiKEIOLUzOpg
Façade Flamande, Amiens , 49.891475,2.30193, http://lh5.ggpht.com/MWUpZV25f3G0K46Kxn4rsZq0OGexIze-hjHV5mr8BXgM7X5PwRzFiOK0NmmdNCwlFrsImUjrmByUhYM4ObOgyw
Cathédrale d'Amiens - gargouille, 49.89484,2.301931, http://lh3.googleusercontent.com/GGXNWrN5KMZ9OpQGokYJj7IEnREh2UzLg77L7wfAaC66IZtHbvGV1KuWniVYIz4fFMWKZSmnssHEMq9Ho2Nf
Préfecture Annexe, 49.891392,2.29537, http://lh5.ggpht.com/UttB9F0Jc1eGDuapXMyQUPhAxd0374DgQRXZe7XAR1_rsQdqiQBX-lt_eZnvKLUDL7CT22WPh9_1SHWxS3xm
Musée de Picardie, 49.890374,2.295902, http://lh4.ggpht.com/mayhocDfzEpOy0nkeUqwED7MSsVObe5b3ZStuxLMlZelXh9djb4Rfm140U_8qzgynj03z4dBRX3AGNl3zmhn
Mairie d'Amiens, 49.894173,2.295702, http://lh4.ggpht.com/0zvyk3hZVVYUGo-Rdm_Ct8NEyWIUmMmE_gxn5JN4boOlttNq61RU62kv7O1SC_TAKJgvxst_vIdweGpKX6sU
Chambre des Notaires 1854, 49.893291,2.301484, http://lh5.ggpht.com/bMiver5exXMNBZrhgOTbMoaA7gjGU4ZoJuxMC4tTUM2duCcvvGptML0HAkldTkX64eYXMisRIvzlmG_IA1A
Henri IV, 49.894787,2.300326, http://lh3.ggpht.com/RSjk_RIn_j3mbiEc1jhthFNk47k28zH9j7urodOz8je9EYc4id0sBb_1MkUyCXnKAJwcxuiqLZwGGmCpSkLF
Fronton De La Caisse Lecuyer, 49.892163,2.297143, http://lh3.ggpht.com/-kSGBsr_jVYDCP83v7IpGVWcvQzDEYtL28DYxzg0aHuhQ6xEhzMrbojJQ5z-ON9tOtXH0Drucbvr2Xqw1lAulQ
La Poste Jacobin, 49.891324,2.300002, http://lh3.googleusercontent.com/tne4Za7YoVMwJmO2ia_cYp4dophwNsU6HyAAaYbqJwpU1VyWutrs8-ThYHq-EEMICvYhnUTCNEmn5bfh1AU
Fontaine Dans Un Tunnel, 49.895926,2.300111, http://lh6.ggpht.com/9ahlrs7CPbjSgvNoT-xn21pSaHpdBdZ_VeyXpV3NdFoCeaXMnBxxWIt4rv4UbGUVTDTPwrfqqDuXEbCLVVQS
Portrait d'Albert 1er, Roi des Belges, Amiens, 49.889127,2.29532, http://lh5.ggpht.com/HXSWi2rvbeb-BvyxHVERr_TqVFeGMtc2VwvLAaRvFZdns87IM_7i8jBO1zXcmbZaF9pUcSfTQ2lL6T_VTqRVNg
Maison Du Baillage, 49.894701,2.295023, http://lh6.ggpht.com/TczXhXhZhtSjCTBV23dmgSrqHfoX_hwPIn_Wf-v3NRbf3Vnq7SB8BU7iB2Dzx6m-YfrpunomudVQ1fSIMOw1hg
Ancien Cinéma, 49.891854,2.29987, http://lh3.ggpht.com/ahZcXWbLMhA4PM3IcSa6NyqX022PBtLdKtOyBHy43XBrKULEJu3C-Dk6iCJwxdcT7gltd04qzzRGAt2iIwcKHA
Maison du peintre, 49.8935,2.299489, http://lh3.googleusercontent.com/VxW49n6Kzgovmo2W4r0vIGUZBRiRN0mT8vtOxCrq38EONm79vnoPfb8wBbOrOHowB6KSuTUnb_2DrNtWvN7CHA
Amiens, place de la cathédrale, 49.894807,2.30082, http://lh3.googleusercontent.com/6mjzuuXiDBZvEQ9T6ZeUx6ne2tGHiqjYNpOxQxM1X_N5dGF9Gx7RCCRxnXNYgUV_rK9aRrPLKEyE_Aw1AT8I
Amiens - Galerie Des Jacobins, 49.89196,2.297113, http://lh3.ggpht.com/ZR_A7wSDxveODn5tYHLWGxCEwl0EVJxW-BjeE57kgQT-YrrxUWv3yoPrTh8Ojt5iqAjUhjGAZMiaWCqLt0TT6g
Conseil Général de la Somme, 49.890183,2.295926, http://lh4.ggpht.com/5IzvL-WRtQ4kkLWwxoVrX7IX4F6ocUg6IcKaUbijNT5J4Lw-nq6IyajSbsyZ8EJ6YjY49kwkH-NEx43l8o4E9Q
Maison Jean Trogneux, 49.893251,2.296758, http://lh3.googleusercontent.com/5d0B37g72J5iFMDjhSx2IhrFtIjyii89VX9yA8Zq_Epb1Ffd-kfA7EIx6tlZ9JnKcQpZjF0zrUdimzsrG75dLw
Banque De France, 49.889759,2.295663, http://lh4.ggpht.com/JNUFfLruhiEtIYB79O_swSztPLpq2Dxfx75Qvl_I5BII10upTTR48HiiSX3P6uSAWs3VNzgJ-LPNriMXz5PO
Le Crocodile, 49.894683,2.298909, http://lh4.ggpht.com/FCfTV3pUZatfP6SfzPJipFA_cnA9vJVdmk725kcI3kvq9cR8IwuOLYfW09FuvyaTdw-0Q66hXYdbc8t09FlQ
Broc N Roll Music Store, 49.895164,2.29942, http://lh6.ggpht.com/WyZ-teUcUXOgRxMxkxKbO6DZfMSWUzCReBAqKCwUIwGdP17ekZfrHYA7j3aGhWUQUb9eWDAwpvEvQsBiAGI
Maison des Mascarons, 49.892487,2.299406, http://lh3.ggpht.com/b7AqfhMf_-eRxPoOE90MakeMP9WrM1rpHJ37bdxK1cuWIHAjmwT28_F_MQvksh210cJ7R6QFCMDMtvvZeNY
Ste Clotilde, 49.889901,2.300141, http://lh3.googleusercontent.com/y9E-Ibg6c_mUdDTN9XLmkeeObC3P1RrRA2jOBaOEgAzZ4A4N8i1tbugFpgJJxNBXp7fcGwIvAOtF36eCwpRC
La Vierge dorée De La Cathédrale d'Amiens , 49.894276,2.301819, http://lh3.googleusercontent.com/Z2e32a34ekCMlDu5SxNJ1Z-DNBnMRJnJM-MDje_18OcKaDuL-3IOpmJ3d7a-JEV5lvoBYcVKbT2a9L8IN6w
Colonne du Lion, 49.893124,2.29718, http://lh6.ggpht.com/vVQ00HualCCgxu1AoWxB5FZWxrmB2fSKXvXsMIKFasAvLGkeJMj2ykc-Ovy8GTbXZi-FjjWcOZDWmQ_lrfcD
Le Courrier picard, 49.891509,2.29685, http://lh5.ggpht.com/Xuri-mktf4av0hr62d1v3-VOeTk1OepxOONEWFV-7xUXAahO9_dmMmIe7QVyWDEf7Ft-EkGVv6q8ZX1EeK2z
Buste Frédéric Petit, Amiens , 49.889906,2.295247, http://lh4.ggpht.com/LmCdMQ6fkrNKWuMdTLr9WaF2--UxRVTQf8ejUpWpRoPObZmQ4fkJ3C56iSc-661al9lFCM-WSvHX3DD1KfJo
Street Art Courrier Picard, 49.890547,2.298315, http://lh3.googleusercontent.com/Wer8e2SLtF7AeAUs2oY-4UYQGgP-nt1OlNeY_8sir0v4HfscrmBpx-SoSIbNTB7217sct0szmKwXw7gmipp9Kw
Place Des Jets D'eau, 49.894249,2.298922, http://lh5.ggpht.com/ck9Zv1_NhZ_aaPtF3BDC0I_UnyTaLzUfcD0HaRN4oRAssjuCy4aWOmBtI6JlSqYyZJkXb9XOdVhbCQxdOo7fKQ
Les Colonnes, 49.892129,2.29814, http://lh5.ggpht.com/1OYXL0DLQMGGLCuisybGTQwPaEL0TXwxUJ3RhVKEAHvn2daLZQxeq2FMf3BJ1F14eobQOK1paaqytmyx5BfJbg
Comédie De Picardie, 49.890619,2.301316, http://lh5.ggpht.com/tsZ2hYwNmTThiXMpm9XghIGH8m_yz686syOi2li3jyQCpKw9QRM1t8M0vvAs8LhD-73CGvnG7I1NkI3x-Vg
Facade HUBAULT, 49.892505,2.295988, http://lh4.ggpht.com/BAZ-hfweTPyWLLO_1GaS6lg7HYtf65MLrkxKR2yabnEs1Hrc5K3iWW0P8hNKdJNfjGSPFLMJk9F_Mv0N_DVD
Hq of the Somme Résistance durIng WWII, 49.8915,2.299887, http://lh6.ggpht.com/mc71cE6XrjgTmzx-gm30xJHMOg6YqGSTIf0ZDlL9sOpYIuMcsCYKDtpBMzFYbqh_EuqGb6XQHf7IUH3cYqxi
a la mémoire des combattants du 7ème bataillon du régiment royal du sussex qui resistèrent à l'offensive allemande du 18 au 20 mai 1940 , 49.883884,2.262029, http://lh5.ggpht.com/w-Z7HsMYfOorKWrTfWXfmJxolWvMFH7R79r06cdEtd8F42mXpj9hShG4d2XsjR56ryst1yTUYeGU8LKHIDgyVA
Eglise Du Petit Saint Jean, 49.887784,2.264135, http://lh6.ggpht.com/kyHcFnqvONPwA3KXVBJ3Y-xiQEzIpazpip_I33MTagHNDXcX0azTqMcesfe5PfngvKPnZr6F0sOcJt3KGBA
Une Cigogne Sur Un Toit, 49.883497,2.276977, http://lh6.ggpht.com/ScCsBo5WOhElQMhp7TYml1t2FWCy2wTZ_YJVT_DavVTDLbWTfaqPmYWlGTtCCWoyV0exlEWuHsTRTop-d1I5
voie de la liberté Statue , 49.886274,2.278878, http://lh4.ggpht.com/vw0H2tWLgMVBLUdNpJAKeU5WHWBhGw5gjp6NVD7SbphO7QIXTE2kynVmWUPJR3Oe0myA7emunj3N3n3oo_I
Plaque Commémorative , 49.88394,2.281721, http://lh6.ggpht.com/u8ENFS1buW5hjO9T3qo2RpclBgVwPRtrTyr5jouyhiVC44mcFelB4hC1P5yMu7MY9hVEgZJ0BWPYOdSZzT0AZA
Paroisse Sainte Jeanne d'Arc, 49.88681,2.28059, http://lh6.ggpht.com/LyklFrNHKpkqLYMCERXpF3ZxlJagcgSEuXWeGTA_Zk2_gJZWi7rgshs9hZt0ggZiv_s8qahmmnJKkrubebhI
Plaques Commémoratives Lemaire, 49.885278,2.279879, http://lh4.ggpht.com/CdpPPCmuG-xQuFxMTDdf3B5DZ-NdcpMWRlwyFTSECFONx8lWiMjal2dCyO5YnGeluOUCIOAXNlc-KwQpvgIh
Monument Aux Mort, 49.882416,2.241688, http://lh3.ggpht.com/gpY4jwvpgRHY9n0-q-cdxhg1NCFuhhCtxJ6BYqJoF0zh48lXOcNYnBNkWFe0KpjIkW6J1NjKznn5KSvUgUQ
Mairie Pont De Metz, 49.881588,2.243634, http://lh5.ggpht.com/u0sXrashSu4LMYN2PAdkdVwmra1WEF3sRF3FMwtuO10Cjy_YH-FDA_QQLBWnoSCAqky30bgWrSoA4es2X-jU
Église De Renancourt, 49.893943,2.258013, http://lh6.ggpht.com/-wqE-WCG9pNTvP-ouMXQ5nPSM1YjCBoEoQwh4xkysNW2BTJMcFYcmEwY9x64HhfvAEFRevgvXTtCE1keOSEb
Terrain Jeux De Ballon , 49.878893,2.275408, http://lh3.googleusercontent.com/JCna7OU5aicujqXc8mAiO4SoxIvkvvp8uBD07Cha2uaJdAJ4e7RYdBxfetfZqoIv2Mz3BY25llNoisKqWGEd
Fronton D'angle, 49.881474,2.285072, http://lh3.ggpht.com/rEjdMGqpf1pVSk5p59DjcrZQ9gykgPVDiB1hn47RAeTi3jYQ9ksLrrNqXx_sM1qqeSgjK7WWZGM97f7qCJmr
Fresque de la Ferme, 49.89301,2.28969, http://lh5.ggpht.com/J2kvsJ62nG10-DoxZVQb2Jk5VCXZbSnQPv1aAoUC7nGmfDaX7L0oiJu9_R2JhFrfsITivI-nAYZktrBw7He8
Facade Art Deco, 49.892133,2.289916, http://lh6.ggpht.com/D7NE8xLW-qXGSfKKwRkdZxzkTZu2u2DMUxIOOdaKtnxoPD767UcBor82luW9NF4gqUEoFOnVuyqJu04C418
Plaque, Amphi Fernel, 49.890603,2.292902, http://lh6.ggpht.com/NQ25eK-JKM1ZrjqVanbQtNz-U1zcepT-Ha04L4wupBhc8mYCHWA3k8lkgKWpLavPWfK1Zl1t3Lr3-8md8E4
Maison de la Culture, 49.893958,2.292234, http://lh4.ggpht.com/jCzq6Zzyxk3hbIJRpLiwUODGYtr6LcnE_Knr3zD3s1Cx8lkVdeg9tmYWH-ngD46vO9FD3HmrHTgkB0Yb8SFMR4VG7OedFZDLCLwxLooiQA7eVh0r
Ecole des Beaux-Arts, 49.891796,2.290788, http://lh3.ggpht.com/9Qf4vn3m8jN53jigsvB6NskjRWtuiZBp-kPL_IfNGU7Q-GPRm813btg9UekDUPP9t69QXLGxLoxBLNxFThY
Les 3 Vierges, 49.894712,2.291263, http://lh3.ggpht.com/PNQN-YayquQnkST1njO_jCQUFqHuDqiTh0RwKuM07PmjGVJAM0_y9N7U-ti4FjJ1R-esZhZS4e_9G3kLxWo
Porte Décorée, 49.889664,2.29334, http://lh4.ggpht.com/mt_q6HxeqxEzh05aFGR9wE2vcKiO1-cSjRC7WUs_XAujEKE18rdQrHdsjPu7POA6tgok0EOXBVumUZKgGpZI
Statue Lhomond , 49.892283,2.290098, http://lh6.ggpht.com/X3TXPWX1eWnJjVP-2tIJOnIIxVTEiSKi-HK2FnogpNuqTwqYOsSxQxf67mN5G_3zKCfRw6iBV5VWPfpkUjc9
Memorial Corine Seguin, 49.889751,2.289552, http://lh6.ggpht.com/A5QuGFnv8m5annZJns4Y9JKTnHAWMQmnIeMepDLTTOJg190LAY-xSCRW2eEcX6WjDMa4fWUSmfjKHww_DDEwvQ
Coliseum, 49.893646,2.288906, http://lh4.ggpht.com/aGYcNE4S3iwqEPrqdcjn5fxtGKL2wO5tdJ27REzmif0cuS4-IXfgymFWLngpr0q__toyFxIr0ekhg-ClG8ML-A
Samurai Wall Art, 49.891612,2.287897, http://lh4.ggpht.com/xTaNr60rT_xXzvOFs84_cTfro0oUykw4t0J09O04xLyDQtP67_bgSS7Z7Cdky8FlXnH5Dy8DekvC3aHK1qTX
Les Deux Grasses, 49.893778,2.292627, http://lh6.ggpht.com/bDpEJkIV6fohzw-TwRYkFCeXNgALzPcSHrH8pi8z5EHBU36zaiO09ZLlyrJCS21LVDb7556xmoTmVGM1587u
En Hommage À De Lattre De Tassigny, Amiens, 49.892663,2.286038, http://lh4.ggpht.com/T7WkWfWOOh_-yM8mY42Mnu_JwGWSiU0vb0xkQnZzMTBOq9yOla3mpsTEV-tARSmwP7SKHTSLOGgK5FUbpkg
Protectrice, 49.890874,2.288678, http://lh3.googleusercontent.com/POEp16OPaKpGFabViD-QK6SKxIbA20xIxhvZ2HkoI0TPbRPVMHMJ0oEC1OfNl_fotsBuHhB0uCJL1Z5_bifRDQ
Les Sapeurs , 49.895798,2.29035, http://lh5.ggpht.com/eKRJj_6cgEiF8q9Kr8QkInoO55mihmNt7mYRUnSSQ5EWu6RHUq1C8vKSWodsGNsXzs477fRB8FXNBLXFD-uCEQ
église Saint Jacques , 49.895626,2.291986, http://lh3.ggpht.com/8LNgOYpbkQtcZdqmZRtYd-GIwb31-aopdlk7hd1_26DU3Gbw6VJjv-fILtlGU35kDW_hpPWvsf0O80chT_o
Peinture Murale, 49.893235,2.286714, http://lh5.ggpht.com/7_e4PvLb8YGA0jIytSiW2yAGqa3kztxgeG5tPRO5tULCpgMGO3vPAUq4NW5RDio5utwMGhUF5K6tgfdjHlDemg
Maison des Associations, 49.892348,2.290464, http://lh4.ggpht.com/RbCKakW_g7baNvW0bdBQDG3J4oKB-RfDBscmiqVVKS5d9MARGb8EHPemGtwM-BRua5VNTEEHYvDT9_geXRcbfw
A Coeur Ouvert - Leon Lamotte 1958 - Amiens, 49.890427,2.293619, http://lh6.ggpht.com/LdOkt-DAhV-69ZNG4PrwCNaD6bePPfnnSQPr9W94JITexYYa6q9DNj5yAqdBDgR3tjpQQasVwgturPBkCcK4
Amiens - Bustes Angle Sud-Est Musée De Picardie, 49.890422,2.294813, http://lh3.ggpht.com/9EpiwrXzskmmLwhDTwwsQ75FuLJv1FAVwOqW_4XRWCsTk93osvr7HNIQgtoBaRfknprZWaR5P3piY8VPx50
église Saint Honoré, 49.890155,2.289994, http://lh6.ggpht.com/c-wmqL-7ZjQ-wP5gdzAYTPIqa5fBjbU9Lh2FHb1nD2JX66Qp6RZRU1s__eQTzq7b94Fd-BRMBeIskVjQiiuSpxGoCoadxDQg_NDIYlhFxu6q_tSKCg
Amiens - Bibliothèque Communale, 49.890003,2.294913, http://lh3.ggpht.com/i-3Zw7kuGNzhWit_hTTKr3DpIyCM6UbieV6bZj-k2oNQWn4N4OGS6F1AR31Ogu9yMeKjIOV8kmJ9xW98Fg84DQuD1S3FGw4UsbKUXBEVuv5w5zc
Statue Des Beaux Arts, 49.891602,2.290816, http://lh5.ggpht.com/W2l9wu4iktVCeVtNYPXqgyC5FsXeo4ni6SLd-Zl6o_DC2veuI048c7WfHHCLfOUtpx09VKJb9UOQAma8iNBqzA
Bird Statue, 49.895547,2.289282, http://lh5.ggpht.com/yULxypZBNAhnesUJrrufgSy8Xy2p4qU4mBT-fINF6XEgg-If8XwdaT9zLE5n2jXTe7dd5Q2b4G61KXogFuyt
Fresque Murale, 49.895901,2.292402, http://lh3.googleusercontent.com/edouJXWgbK57TfXNvvFuJooJqM8rj3_f4SZsYfVy8-vzNdry2qyqplXxpVuq_NIZF20d_7SI_H8ZZvjqVoSK
Bas Relief, 49.889223,2.28829, http://lh3.ggpht.com/4cnzufRcdravNV1q2kTcM8T-Fs8RnRDIhTL6MhLMXa1tpOHPavseJ50CvHI79C3j1bukGwFCLSFjyPXRrgs
En Mémoire De Lamarck, 1744-1829, 49.890239,2.29174, http://lh5.ggpht.com/i2wYpGYqQSTAT8FtTliQ2CceyB739Mkzph5QkNlDP_AdvxqTrKAUECpqj7D95BdCv89KyVUbHAlsFbbn5r5nyg
Historic \"Double B\" House, 49.890705,2.290523, http://lh5.ggpht.com/96mFGAI_fW5yYEYQNvXYb5ES-jzOmzmDsV7pnUXj3ziEupT1aD1BR0sm0k67wbSzbOT4Dbdy_UKzEkNr2dmK
Statue Faculté De Pharmacie, 49.890364,2.292759, http://lh4.ggpht.com/t-Qn3En4MBkFqf0GORUruh5FShRZ1OFN8b0hmfQasKcpYv1eQb_NJhLdZFgcXEIiZVcA7CRWfwQ1V2PfDVzF
Eglise Reformée De La Somme, Amiens, 49.895398,2.291084, http://lh5.ggpht.com/rG4Es6HNalk6alNw29E0cV641_ukv7QM7a1B4hZZKwK_Yqhd3BlhKq53oN7jb3CwwVS69I_mJ-dTxOG8cate
Conservatoire et Auditorium, 49.89175,2.291221, http://lh3.ggpht.com/kG75zXHZ0jBQcnXTMsLu6c36MG8-ZTwH6OyDMFrFAfpBLquDCRzo7r_GOBiMrcZ13inzOsI3DiuxsFmNgM_k0A
Fontaine Saint Jacques, 49.895719,2.292414, http://lh5.ggpht.com/77WhRt-N83eOIn8xpy3aKa6XNRWsoz0w0LYfY6emm4X3JAGQdM2xtvWpu4OqLuT1dC4o_0hUwgHJAv8WvLaq
Amiens - Blason de l'évêque Pierre Sabatier, 49.890923,2.292621, http://lh3.ggpht.com/F9ZTywFNhYYFpEpfcfSoVYOdr6Q9Lgetfj2zhTd71kkfKgl9D-pGNX79-TBArkKQugk9oHVkxDThBRvMpWm0jA
Porche Du Lion, 49.889302,2.29455, http://lh3.googleusercontent.com/aIh9-qEybZCtsFBOVp3PDAA_FguM6Opasl6oTL0tVHKZk-R5PjKKt1Zl9nVZMXhlvbuEqRjBK7EH-sLJ1I4
Immeuble Des Centurions Romains , 49.893751,2.290819, http://lh5.ggpht.com/CXUiDm-VCHePHTl74wt0aEULrTV6Wj7Q_GgR23n4bT40OrL2lOO6Oclj0uVQejLmBjyVMwkIWAtK4S6f0xHI
Église St Jacques, 49.895859,2.291041, http://lh4.ggpht.com/tBzlezojbDBugvjmtIdAxvNaVTElrwaBnzZIyY2hOPmaRP5Wu67UhoieSEz7-90BUE_w0E4dp4vNzcPwlpk
Parc De Jeux Du Coliseum , 49.895075,2.28713, http://lh3.ggpht.com/4RGPXaCOMCKoRTOQ0bxqB-bl4l3vrxu6a8Y3HoY5_8J5PlkJbhDg9uoiHoAiwHRdAHCbdcnvLkGlkoIwMroQ1w
église Saint-Roch, 49.895978,2.28114, http://lh3.ggpht.com/0maEeDQkhKzLkoorLnpZnZbEYoazh1eH-ALgWZosHAiI_HiXmUfDGHGpex6LkeohD8qi9ImDYdKnI6LB1f21fw
Gare Saint-Roch, 49.893434,2.283748, http://lh5.ggpht.com/lcBNeTO0JNnPzeIq_cFlhc73MW6gySYkeeCpBfhrnKxu0LYV8fDIyg-FPw5t5VWjtxNNYrK7aKMOC4NfHcNh
Le BMB , 49.893066,2.274593, http://lh3.googleusercontent.com/ttk-xg08goNtqwElomgZFgbTqktFDOTZriYvS9KV041upCTVOzrHNgj4DQ9xhRD2-OteDUiP8EUFSAEoUpt2
Dojo Regional / Maison Des Sports, 49.891794,2.279156, http://lh3.googleusercontent.com/B8ELgl-SBFIVi_JR5OgoKdD55CbFN3oPJVL7yfHRuUEbw5sO6HnCyjukl7DFe1Az4mS05e7lsx1OdAOtmrSI
Plaques Commémoratives, 49.889734,2.281111, http://lh5.ggpht.com/ZBAXo4VH3heMHqQNlodtBE6WFcQsbL8BM425tCRlpP-1kzK3gB8PQcUhcXVOdJIXsV5OSjYf6HD4F8pY8tsK-w
Stade De La Licorne, 49.893976,2.262314, http://lh5.ggpht.com/niuPogyFYNWUWeNawBtGRo4NIKP4H7og60LyxbOAlYKKWAGtKXxHeEKy7XdyW6qPHgwlLIaE4ZnyyaAe_iiGmQ
Complexe Sportif Emile Guegan, 49.889148,2.266642, http://lh3.googleusercontent.com/Mhjdb-_8BGslHJ9H5IaikeZXE79mxjdzmH0Y2NY9AohXtPe13AEeE41bdX016OdRqcWfCnpcLXjp_RtWk_k
Zénith D Amiens, 49.89571,2.26863, http://lh4.ggpht.com/qoGLeq4NOz6Q0E8JUI39-zj_j4dqX_FWNQCiqp-4dSSfoy3DNgNz2nNCgS4ioBUxOlD3r4_jRcNtMJTw13-h
Plaque De L'octroi, 49.887851,2.289098, http://lh6.ggpht.com/1q6VtpIG1ZVklsAcol7yQjQ1bSjOa3tcNTsxikHfImo2q_p3agI3_G4e-dvbWYtlkDOnjjb3bEY6JhyCGTs
Porche Du 151, 49.886616,2.288407, http://lh6.ggpht.com/3JkJy9lVfkhbZM-ehhaX8DRWRtSsyjeGLYsEVIYm-S6SQf1z3eHg96ZklKBR3CEt-EmdvQ3e15ecu2uXvb_cvA
Bâtiment De La Société D'horticulture, 49.888293,2.29284, http://lh3.ggpht.com/79r0OJOdkYbjO7MOaUhdgiwquu4lxtchSMQAD-23QatHIK3Yca5_8DKMuITIv7uAVkOE1kLVQNAoCRxxyDk5
Restaurant D'application, 49.884311,2.294729, http://lh4.ggpht.com/xMMQktDESXwOzJuXlC9dUc46lBUCGqKnaJvtvH78l2uaw1hf1W963bhvGTifdsyhAA_ixmzXeIAuVP4c464
Fleurs Du 148, 49.884315,2.292055, http://lh6.ggpht.com/CMfMSqfXB66H-r3VJolgRTJohpcvQFARn5vL5YTyAxyGbSD7YWzgbDF7UIjvNpysFHl3xOvasSm3my0j7RQ
Ronds Mosaïque, 49.882399,2.285632, http://lh4.ggpht.com/8kQvR1tsErKt0p0gBFsXe0q_vCBW1ykNpdloPa1JA8WVNbkORYtJLjY07rMik2HVvedV2sLCfna4xqW25rM
Le Porche%u200B au Pélican, 49.888535,2.287107, http://lh3.googleusercontent.com/JmXw46zIsDEM001dnL_feLKV-sCL-QR62bZsSfAJ169CP9UjSraSrhW_4Wa-Xzr1eJcC9GZniwr-JN3rWZIrCw
Biscuiterie Vieville, 49.886573,2.293361, http://lh4.ggpht.com/MIrGgn7z2mvXe4HavBojRQPIhpEdVPy16fHM2EEA_T-5LkykSBhs_ode5juwjQtomKk7vM2440y287abGNCd
Blazon Dheilly, 49.888654,2.285067, http://lh3.googleusercontent.com/02X8_I-suttSa3DqpuiouMumIPZiAvXpa5ExWrp3AuG6OVb2NHDs7nFnB5ZaGDPLvNo8eCa6JT3yzUWR5PUo
Médaillon Du 105, 49.882861,2.294174, http://lh3.googleusercontent.com/IQ2zP3w76DUPBbbUgZLMkJD4VHLdbdTfUzjbUM7tW0sshEEPySpPAZmfV-dtLUYr3etWasKN4eEFg77NPSWt
Hôtel Particulier Historique, 49.888592,2.291976, http://lh6.ggpht.com/PjO45vdGf88R6CqZjfu_7W6p47cKrKRW32sm03a-S3cMAmCvasH0TgAs5VCl5qnCKErpPUu3K-nxVrqzsYuhDg
Tête Du 84, 49.886014,2.292719, http://lh4.ggpht.com/GQXHG2dtVxmZct6n5KS5FGu19nZ_Gg6HNWn5UKBp15zjrGKBfaRT5mhjfcYxoj7P3jgKc1B0hOsbMrap6hIgLg
Salamandre Jeanne D'arc, 49.883831,2.294388, http://lh6.ggpht.com/2KQsqf6CmES-fiRAsbPDiNcc6AS8fR4H7HZkYz3oBomOTe6suwx_zD4DTmkoFdarA-OLK9BpPqNRfQGOYJI
église Saint Martin (Paroisse du Saint Esprit), 49.885447,2.30048, http://lh5.ggpht.com/BPhstIZUirm_wNIlKl8wwTZOxr2dnusGfetO5P4XFMKRuEJxqegIR11s8IUXMjbCgJ9PNIYgA-qaehq7-i54Tz-9FyUHZH2PSq4m6keGAPrvllWC
Les Lions, 49.887096,2.295549, http://lh3.ggpht.com/t_aeWQbwdJEWwCJ0VS-BiteDhkIerT0R0hYnSbvMQd5Mbbg7x9DAgRfxcR0ZYOzciK9rDTR0tOhhOrOzj9pF
Cirque Municipal Jules Verne, 49.888265,2.295766, http://lh3.ggpht.com/4JhNY02XiL-TC64n8nDesX87QmFQXPWn-nS-zkwejSe7ADgoqg-f37fjHvKOdHUlcax_z5Uo45QNMcJrXh3HXQ2jHehIJ5mE_WT_hspbqJOXw4QY
Statue - Square Arlette Gruss Amiens, 49.888083,2.295028, http://lh5.ggpht.com/fs8vsEV8CEgapo-diuQnmKkqLJP2gI9iv3yN4RwLj2Avk94jUFD8BHpO5LgYvPMwtBLJjKt1xsZaUbrSdyBj
Sculpture Moyen Age, 49.884269,2.299275, http://lh3.googleusercontent.com/gy0tbMszcS_ZkbRdiverbmTLkSpIFbMyoe7zeiyjFkoo1GqEqYR8mh-xlqFzNR3O_0uqF1K-s2K7p-Cq0R8
Saint Louis Statue, 49.887108,2.296694, http://lh6.ggpht.com/e3n4GymfNqT8EI9a0IRYd05FSTr8KSnW-JreJMksziUgd6ypcXtsqELo9gbzthKbUyRvHKB_TJSCL5wn8BOq
Lion Gardien de L'entrée, 49.885873,2.297425, http://lh6.ggpht.com/Pse4ygNVWNSfc5udJE3cwr3xNztkM478VFgEF2gtXua2RPZWIqVuDmDXOaQGpUUvAxT8gUtVghv9qe_FEDAH
Birds and Fronds, 49.886072,2.295928, http://lh4.ggpht.com/7hZGA0Vrl3X2DFudKt--k2-tRCIXRb4FWmpFPYFEGlNYMPVnSaObQUGJM6o7jvlb7l2DT8vS6zFkzx0j2lMB
Tribunal Administratif d'Amiens, 49.886864,2.299626, http://lh4.ggpht.com/Wf3TQJ2E85a650Kc_pEl1iN7vq4T6ZaZSA7vMbgcMxJ1DTRcmBcDioOwBi75OBaALSA5QI9yyEnZ3R2mKg
Plaque Germaine Dulac, 49.885696,2.297138, http://lh5.ggpht.com/J_6twsirXK2J-PLNAoOdYNgjsOpWqHR-YUdQ02jibfoeEfzQIM9_-D5u4kq3jtt9bBrc4Atj_vY54vEDptXkjw
Fresque Jules Verne, 49.88765,2.301746, http://lh5.ggpht.com/qd2_AKAZCi013rf4BdBEBESpHJzioXqaKF6FaQl8cx5PeDEHSC9T3c6WGs1EXQHK5RlHClS-hNOgpUe-v1RJ
Portail Crèche Jules Verne, 49.885242,2.301531, http://lh3.googleusercontent.com/yxFSzQU1KgadeH8iWdmOgMRrVvjfN7Z09cgAgmIeCJ47MN0Q_ZQ9B82ZA-eTfVzpzORMGEHTnOEVBQBRTnaj
Chapelle D'Auteuil, 49.886738,2.297253, http://lh4.ggpht.com/Oi9ra9ZE52VX36oGhIwiQB-xD8AFkku49Y7_L9XNbC7Sli3n6NdXPDeAcemXZlofQlDs4GG0mfj8tbbXl3OJ
Plaque Jules Verne, Amiens, 49.887977,2.300585, http://lh4.ggpht.com/FL5gS0P28nQrU6ECdW6vC8oNvz-EVn08U5X_XMaXFQ3j2I-920GR_y_c21q4AzL-D6eImb8dlPasItnGM60H
Ange Sur Un Mur, 49.886584,2.300917, http://lh6.ggpht.com/IzkerYQ840JCTxh9TQGhKZV8BU60SnhUgkJSEA5OZ_Y9tz5SqYiZ4fA1sc3yPGAbSra4Tuo6p1OWkOGXnl40
Plaque des Résistants Torturés, 49.882853,2.300077, http://lh4.ggpht.com/rqPF7IOkkSBgD5KCixv0Mwgh1UeruvsDtRpjeDB-jiSbTTZdFsj5xJ9_0GH6SEcrsDU-cgwHtiva6Kwltz4
Maison Jules VERNE, 49.887909,2.301861, http://lh3.googleusercontent.com/iDz_UVIDkuK6JyJdql_fNeDEYc7VK51-goW0M67vAogrjQZDyzprLVa9xBciUNG2pKYUry6lxRsdf50RT66h
Statue Square Annie Fratellini, Amiens, 49.888145,2.296428, http://lh6.ggpht.com/o9LQpGjEU1DgKWwb9I-yWeGs72sDRKrKvh91VsIOYPFV7XY8EpxTFMwxEnNvMX4Pn3-ox57Nkiox6je3-F1yQA
Fille Dans Le Mur, 49.886523,2.296347, http://lh6.ggpht.com/P2xMFreNnpcYE7b2YATlNpmJ8EkXphiP4ULeCdqZ4rnjXHxJHcrLB8oqGUB79OTxEBuxsdI_7c6oNul0Hq0
Blason Feuillu, 49.886319,2.299706, http://lh6.ggpht.com/mCzNeIiWgnU6EgQFliGMBPPaL7_jTWt9fN37SjjAbgqHl6z1SI-VYg72kHygG5ldAygNsv2sNhkMJlvBo7nMcg
Tête De Porte, 49.885575,2.2994, http://lh3.ggpht.com/egsHQNpKcBcmnGgBs9ONaPHSOdHNMWh3i4WSGR_EA-ga-vHF9tt5nzAxX2284XBpi0Rs5N3TqdnugCIKTrlZ
Promethus And The Flame, 49.875774,2.297352, http://lh4.ggpht.com/E4fiwBBNByJ5lfvdVzzDIxK-EleVF7MskMWdR-jqR7YCdepOYoRDYmaQghJ2fmy270wgsu7fdrG--Zcr-y_P
A Nos Morts - Memorial, 49.876273,2.297263, http://lh4.ggpht.com/Edx3OfL-g-kXgKgl19Ln_Q_2zeV95qOMGILJYhgcErE7pBiSKqQavBLe_30H_8-q4MTD-pgBS7_Kd5phz_4
La Poste André Chénier, 49.877452,2.287644, http://lh3.ggpht.com/XFAKbgMIU3WfhowA8NRhwQ7E9xanNZsTO4SatYFSF1mRtyh1N7dKNh2O77O2waLHdQj6NPpLkWB7AhZ1-LKm
Facade Historique De La Cité, 49.876338,2.29498, http://lh3.ggpht.com/aAZfVyio6xHcSetUNsL_aL3Wm-EK2r2RhkWvwMFI-JQ3ZFzjnPkZn_Mi_2MPAGUHEkBoTJ59JzqN3ERgGEY
Porte Écoutilles, 49.876304,2.263829, http://lh6.ggpht.com/MkNdBMI3p44DKeRAjtknl12742sjC_eIZkCjPRH4mbRfekGH6Ra2NlAqiXzLZRh9nWoDZkDixG1vb6I--ip0Gw
Jacques zwobada , 49.875585,2.26461, http://lh3.ggpht.com/6dsXVxjAqWHupNtLwQ0CKJgZWszVVzpCfBvtK3q4Bn3ykUF0_wokDiUMxpqcw2AXPsizW1ySofB6foDrGeFN
calvaire , 49.874061,2.28884, http://lh3.ggpht.com/BIuE6Eh33UkZH3tyNjhHbbVYyNewLZ0nipNsdod50qmDlbM3ZtCRY2BB8rJmaMH4wBabNhAo29kuclL5C16V
Totem, 49.870275,2.285501, http://lh6.ggpht.com/nDZk5NEH7635jI-ph89c34SZLoLaZMhgQD2SOnWwXOxSNMghc1y-lLtI90Tyqg0SKcqbHMwZZUmaV_5dJ4r2kw
Fontaine De Salouel, 49.866539,2.252624, http://lh3.googleusercontent.com/LnDBLPalgHbjjQprwz6rprQ_qCsnB1ab3hOXveMOXOegWv0-zBVMliv8OIhmYmyo5YOCqE4SVDaNZhuvk28
Piscine Georges Vallerey, 49.871618,2.298984, http://lh6.ggpht.com/O-9t20YCcjUHp3Voq-gRVh89PylESFlgTr9i_arVwCkDq7s8iKRY8uNSRNo7NMXONPc5ZE6y1qvT8Kjl8sx05A
The 3 Men Sculpture - Historic, 49.873013,2.297574, http://lh6.ggpht.com/Ed940NLXJw01cJd81yDph8SKyP0bm8cGCAWihfALJsjXDX1FXEDfTR44tvRccTJZ3626mrFk2dr73pTKc6Pd8Q
Eglise Saleux, 49.859525,2.238757, http://lh6.ggpht.com/8nh41p3VZtNK_9_PhVkOUULE_ELT1KNdXkAk4VUot_WBvsXgrTbZNwO9bnupuNM7U8gkvfQouaIrHtEf53Y
Crucifix De Saleux, 49.854558,2.233474, http://lh6.ggpht.com/BRUdvFqiIHjXxnS--D9u2UekK72_-rtaooDIYzBazQQgqV1dAAw-AoNGyKOJG8S5xH-1O0eYwqC35TndbWUlxg
ADSEA 80, 49.866405,2.276801, http://lh6.ggpht.com/QsXS2VHWDPM0dKZsdy_eTZiYX80r7B3i6tJvWXHCoZdSk4S8y3SN_w_wtAoyPa17y7GGnJzpciTFuQCKyQ
Monument Aux Morts De La Bataille De Dury, 49.859843,2.276154, http://lh3.googleusercontent.com/DkD4NlBLZt_sieOvvLHuUC6cNrwkvzqt5lA5AcU2L40bAtplHB2VHmOXRRFX95kDZ6cZaw9Azd1F2Mh8Li5yZA
Eglise De Salouel, 49.869504,2.244983, http://lh4.ggpht.com/PmSewqgFQSwsAgPl1DpX5HYQ311RofqIrJMu856uFlcw0WB3_zNDk6vUy7hqjbdZsmx33IDp-zKwlxpC48GC
Monument Aux Morts, 49.870515,2.242919, http://lh5.ggpht.com/bvXMcVmsdzbGm6G4x4-Y3mpEM7Xw44aFUQu8WZ80BwlNhom6rq_lavjzH83yDe8ZGUO8DswFTMyK5IHQ1c8g
Andrieux Leduncq, 49.85756,2.274124, http://lh3.googleusercontent.com/cvzUd_p79_lWEt1Jk6gkgGJsvuqoFhwYYrbiYKcuO062idIiFoYEJeAcLqqlaKOTFPseAmxQTIMyrh26C4M
Bouctot vagniez, 49.857383,2.27324, http://lh3.googleusercontent.com/IewAIfzl4xXWiYKpzQoV7AfMZ_tQ3Q94WZj755_4dckHAUBGrAqTtIu44mF2_l594-fCLRZjVqoSf4dkYZTw
Équerre Du Franc Maçon, 49.857951,2.274143, http://lh3.googleusercontent.com/JnqLRy02dYZBYQG1ZTU1c7anIXmyAFUxY6fXWFNgVVxMHDRNnJDj5Eo-75eJcuKbDEk-j0C1Tw_04LvTHGc1
Château D'eau De Dury, 49.859445,2.275066, http://lh4.ggpht.com/Ed3a-NGWrveb75caPp0psSxrPNfGI_vQTeCqy-TmyN779iAJQRs9pFUP2NcYa-futkriaXHEc1NXEQMXFZVR
Département Informatique IUT D'Amiens, 49.870992,2.264132, http://lh3.googleusercontent.com/U1KBBklkHRFJaf4e6XuuU4Qt5WypGeJAKGDqmbXvlL6f1RU6Ik7FSWuKlmGB8CO5DDiYr-nTHoVK9WmimkW9
UPJV pôle Sport , 49.873042,2.266758, http://lh5.ggpht.com/RVVmMXNmFdFzeMy69YnFopnmlc2IfOfu3m2K6qFCIBVmBUr7M_D1dUxdzmzDuc7LnJAvfzVkk6Fmq6b8GYA
Tunnel Bouche, 49.873926,2.264777, http://lh3.ggpht.com/_uz54AkVcIx7VtpdsaSUdULcyfWJ3nXlrN5WibkB2MTVW6vIaHGzeJ0Ghgm29v95Mkbl4lDWv9uc5lwUqh0-Dg
Mitraillage Allemand, 49.868553,2.278873, http://lh3.googleusercontent.com/RXP9qdhjW96YXYHM0h0xYSet1W94wLncnlJ1OCXbmPjbfQekuF2PqX8Epf2mLOcJDEqbsB37wcFz5Qq0IT5Cfw
Fontaine Du Parc, 49.872078,2.275429, http://lh3.googleusercontent.com/AETG3ryE0QyWeVOgzUPdbjIKJAZSzslFNa5wJBHZ_-6W3aKNrqBSwSRBNPJtk4oKtYrJ23whiO0fOjKAWhtW
Entrée De La Vallée Des Vignes, 49.870645,2.280706, http://lh6.ggpht.com/u1KeW18cIOAzl0EioGIp46Fx4JS7jFFiWEkKHMO16Y1aiciO9a3FOgggwGlpztgWPAYGiKs2kaZshxgT7i0W
Chapelle Pinel, 49.871007,2.274921, http://lh3.googleusercontent.com/bX8o03uuKXUWir6xypoXR9C9WXrDPoaV4HFON_V4UOW-hqsKHdXmQ6BkwHOCUUFb36DkDivBKbGRAT2xTUNdhQ
Tipee Du Buffalo, 49.867891,2.279209, http://lh3.googleusercontent.com/gL6FVgozS00VxRpZGa9cDODiTz7wu61qpOk-puVflB6gwJIAMikZAcFhU4mIQ9UN_saK199g1JybBkqJeMDX
Pavillon J. Raynier , 49.872251,2.272983, http://lh3.googleusercontent.com/Ju7AZ1RZqYMH1mMyEIyyU6JvoesZPyn3bUIf9NKqdPk4M7KFpsE_4V0L8-5FOPw-NAHHkQeLBMXcb37d6f8weA
Bison Couché, 49.867742,2.279621, http://lh3.ggpht.com/3Sz1Gw7LGxpkmhssWMkvl31_sCqiSOXEMBY4CFcQPi6LJ5MmRKyI0U8BL9Sv5X9UN-XLfhzDJvHGuQkdXVeH
Ancienne Entrée du Gardien , 49.871173,2.279868, http://lh3.googleusercontent.com/ZcJefHd2yejs8QbB2S_rPEUCegNvgqYjIhbRT89W4LDcgHq-Aji5YJlwu_r9ESXF0BG2WYI3DJevQwa_DBBp
Sculpture Murale 1890, 49.871838,2.275258, http://lh3.googleusercontent.com/3t6Fz5sawx03RXYJW487_JRaqkyXg1tVG5rNWhzdD0gFwGj5Os8YZ2RslNzMEqbJ5UqniOtdNcVsE2LHQrB3
Alexandre Dumas Mural, 49.871059,2.301646, http://lh5.ggpht.com/aFppKZo6ePwcWP6uM85rVQ-esm_RurAV4sTDU5lg455Z3soHbK0eQ4JaTZ5HWSOu0_ixmlzhQ1lJSDRlrhdE
Crucifix, 49.864836,2.337877, http://lh4.ggpht.com/OSOdlrQIjibHteoF9ABMdXbMCYRzo9LZrg1bE_eEl_7EGnEjxDvb2Phw3xUCwUkv83YiZG7T0IKK3UzDUAz9RQ
Totem, 49.867881,2.363084, http://lh6.ggpht.com/Tjl-xCMZjDo4MZ-2_Bwcd-UhUvRg6Xt6sInOXeXJJo_xve-EpcGZJz6qn_zsJVknrxLBONM-x8lnnH3PUkn6SA
Sainte Famille, 49.861842,2.34111, http://lh4.ggpht.com/MHDqxu8TYWmiTcjjYMRRBH3CMfpGv9TBzubvrQQbx4qint1vnah7fnA25mKWbCaN-vqbxBg98v65DgJjvaQM
Cagny, Église, 49.862373,2.342097, http://lh6.ggpht.com/x2W2jZUONlYzZ_e1adknySaGCOk_-hpoydeM5uKaOV34GW6A69laky7mqjiynsKGn5nCdssu8sRWpTMa017g
Mairie de Cagny, 49.862002,2.343556, http://lh3.ggpht.com/z1UlAaTnYCmLr_-Ig7siRlRruFenlOhYGVfF9xpoqZOaNjutSyz92aWL4AizpcimBiVxBQ_dq-4g22_hjveedA
Château D'eau, 49.86616,2.350618, http://lh4.ggpht.com/pBoNLH0VYLj34JvhBILCfYNSHmOgr4bOLpgSJ-nL24HoDv_fpJy6xGPV6YClcASJVgFhGJpoEpPWTkFHlUY
Bibliothèque Jean Giono, 49.861295,2.344415, http://lh6.ggpht.com/Y1q1K1aoNq6b0xyk1OIBHhLcST7h-Tsz83LcKJaInGfEYFHxSRyFVhvuA6Vwi9vr5RUKaEnsDBAUwdg5yZIs
Brasserie, 49.861782,2.341844, http://lh3.ggpht.com/ehNgGeHcBQYdeEFjUktUB7Zc0ia-uvZpeFddl4rwmHpK8eEG8z9y8DY4OS-IXRnWRTQ1Qt-1iTfQCAb01g0
Marais des Trois Vaches, 49.877402,2.339692, http://lh4.ggpht.com/dQyj8uMxUcCSEMzPtRBAm2PgIAzanw_I9lD0AJCLdttskoqz9KAtRRMUjrJdUzGauO93AkDwp7E-SQjLQ7zi
Eglise Coeur Immaculé, 49.875108,2.329448, http://lh3.ggpht.com/4Zr69kcWj6oEyzPC8BfRQ8oM1O4yUl2Z3BUdgT-4erylv7XTeVcE4iEVOqYZLa5vhozgmFX1kps8t8MSqfjUew
Saint Acheul Archeological Garden Entrance, 49.8771,2.331226, http://lh4.ggpht.com/v34xV9CFpAt3dbv4MjBoISkRK1-RDIIvb9LEbjq42Ze0uG8B3nn-ef684lKflYUw5SeTbNE9fbeIuIoXqmvEig
Panneau indicatif de La Garenne - Chêne, 49.856746,2.341706, http://lh6.ggpht.com/PdoNhZDbjCJYJIfdSRT68Zxhm2tKwraSxF2GbwwiXFJttyREIMtJswnveYD82uXu1hifaV5GKZzTsq0OH_Y
Panneau indicatif de La Garenne - Frêne, 49.857586,2.340521, http://lh4.ggpht.com/aUzD0Fu7nquHtnjv3DPAJPvreKKl6Ww9M9XgkTWr8KBBGn0HV2ubJ4wi7U2sybC3B_fc1DHmP1UyiCFYYXbx
Panneau indicatif de La Garenne - Troène, 49.856818,2.341377, http://lh5.ggpht.com/wAyptnCA_ENYdKli8vauPQJADM3jhDHwGtTU_2uT9BG-snghgX1oKqDgROga5vApLPDAkY-7gRlXDzerCn_J
Panneau Indicatif de La Garrenne - Fusain, 49.857447,2.341227, http://lh3.ggpht.com/KBleItxRpbmBEvHl0148336wIQHMdcLjmASYiMzPslW4j7lbmBYE9onpOmulRPY-Qzk4FrwMqfXaruESBhBs
Monument Aux Morts De Longueau, 49.873318,2.351174, http://lh5.ggpht.com/48R55LP9hxQwc5zXUJPGIWZnJGaAAFwZrCEnCKWa8Lvtl6PlJRyRJqh-BgZLf6xLwMxnblS1qBZCUGTMFZQ-ag
La Poste Perchée, 49.874373,2.312857, http://lh3.ggpht.com/j-HGEskPHZbZdk3Koc6pKBVnsPUE68NV4pwzTVe-QaxYLJG4ofYPEvO9s7ER0CBK2BmVpsHnQ0CoL_1byG1g
Le Chameau de la Cité, 49.875405,2.31132, http://lh5.ggpht.com/JFURQ9M8RiNtYq0JUP_Bl0pMUIoI8V5kOuh_4l0WnlHHCaLXnJxcidD2ZPp79eokeesJ-5oTQ1Vw5YMB-IH2ZA
Tendresse, 49.874752,2.313392, http://lh4.ggpht.com/EVhopC21yPjeoITIFhyFZNue3-QJywPSkYqYZwCU_QNQ3iPUWRLYjvZRZwEZ4xFDyYvhLvgUmMgzWd1uOeUe
Dubicourt Ponchart, 49.87688,2.314168, http://lh3.ggpht.com/1ZpBMfG6aj2w4-W7JPtb5U89A8d5EpnIYv8Um-_YJsXwHZk2eM7PmVsi4yMNI_dZo3IdIFw1WvPsTWyal08
Christ Aux Épines, 49.877299,2.314948, http://lh3.ggpht.com/_96iyM60kXuV4VOr4DFj220lg1la6vHxgGT4kgOi_qOc-EeZeZU64e_n-rkrW5bEnTNCCQmSZ9cKbHX5qxF5
Théâtre Jacques Tati, 49.87465,2.312157, http://lh3.ggpht.com/gWn95cMIc957yB1UlB13AVdKNIlN0NSVC3m7VJ2q_VPbgBQcLD0HLO4STAidisFvrYZImerutLs0QWH9au8
Église De Longueau, 49.869729,2.352795, http://lh3.ggpht.com/wXqxoownI8Vd0ar2caPTwRZIvLImhuFax30gHYiVNS9SiRm49gskrrlWxWMqsyJzsrl0K14ClYfl7uJdrNA1LA
Hôtel de Ville De Longueau, 49.870141,2.357319, http://lh5.ggpht.com/8uyJlzMs8qe59khLBfWOTRhvMWVnxfKEIunC_ohGPaQsar-_985mKqzrAvi6KnbvMOiq_bZ1KCSbFbh6JS8
British Cemetery Crucifix, 49.869533,2.359453, http://lh4.ggpht.com/vPFc-3dwSoMfYyn1A6KD7p8K818i8gJuLlljHMUr3JEHwcj1AT6V4tgqyBCs0wnm4l4H43cNPZxLNSKCAzg
La Cloche, 49.86998,2.352674, http://lh4.ggpht.com/41oUhXi2XAMZCoenihdFv21kPbkfXLWu7GDOrzlOO_6lBV87LwArEMx2M7rM_ZSH9I54CgyBX5FdR_Ym3fDenw
Château D'eau De Longueau, 49.867664,2.362385, http://lh4.ggpht.com/QX4Tz3LTTcyGGrklmSmhV0zl1K2YsvIhIAIj5L7LNWlIFfVACPIIcko7pEH3NLETIVI77zEu1C74KJQ5FdC-
Library, 49.868441,2.351619, http://lh5.ggpht.com/CSQg6t4RatPDy7qnLrU2xbfNiumDyBHQRPGYZ3Rvwl5mDaITJ3vMPLSDi6lrY22hN07-YGRnScCtxvgog0kP
Gare de Longueau, 49.86347,2.352125, http://lh4.ggpht.com/P-EgbO8lFee21KMXq0hqeT2cEz59nUJ3KHZlcWqZHVO_6GJ-6TqKpKjh92x4f9hwFn_prGUhgAUQo4o22LBS
La Garenne, 49.858787,2.338361, http://lh5.ggpht.com/tET335G-Y-Q9ZW9mx25PCQXNA2cX60fmcJ-19NtIA3tQJbRP5uSrZk3ZWwyNC6XRVQMUxcKNHRJo6vDpKJ5a0w
Jesus Cross, 49.858781,2.337436, http://lh4.ggpht.com/Cno-PfMKlw3z6yg3gyRNh1FuT0pGz4OvulK7HWMvRsTJUwNroPlQjDAmnE6VICAa_LNz4MDAJJ-H3dLfok_okw
Chapelle, 49.858747,2.337945, http://lh4.ggpht.com/a-JJeLi77GglqzSJzJm8dMmVX4Tzz_AvA4sZRArUm8A9cPmE0OhDGszO8a4GPiPXrCk8y9wnTAHNpV330qE
Panneau indicatif de La Garenne - Noisetier, 49.858259,2.339539, http://lh6.ggpht.com/3JTP7qHafP3Vl4rHezDKYeKe0FIc9j-C1753QuNbfyb499TEM6DXKoMu3m6iX4KEm1iRkYaTG8dtoIn0DT4
Parc Archéologique De La Garenne , 49.858987,2.338768, http://lh5.ggpht.com/_SHvWNzB2-7887zhuVmA0oiWjYqgc5drx71YITLoQHriw_tFOyNFoS1ePfpGE4LcweQjTlNeJB0j1y3CAWR7
Panneau indicatif de La Garenne  Sureau, 49.857248,2.339553, http://lh5.ggpht.com/UO73Wc-58ESeea1vtNxnX-1eRx7_zmAQUrsUtKYpz3lFWDTmo8mjanu40thKcWE5edJHlnz0wLUNmfcG9QUT-g
Cagny - Cimetière, 49.859179,2.338454, http://lh4.ggpht.com/Mn14bgB50oY96a_y1dRZUBPHyeFKDUD7NO-KBj9nFcarWgO0HGcDbjr6Fv3b3fGpNWa26pd0P2cx2BKbFKE0
Club House De L'Amiens University Club, 49.870972,2.31112, http://lh4.ggpht.com/CP6lrut0_4rzAj_kBtRnRS4DFw8vWTx3mmUV4zoavrSZ1Ld-zlpSoywpS0foU90JcYmea-5cDKhi299Kg_b7
Mediathèque Leopold Sedar Senghor, 49.873313,2.312468, http://lh4.ggpht.com/XoAwQgJ2qMRda9cLlznRbDCdSXwX_ARr-BBUOdWG4R7hz0iizhyxgAwp2zaPd0IAMdDxHTY4YoiSl2VsHEwO
Fresque , 49.873625,2.314998, http://lh4.ggpht.com/qa6ggK-xdl0iT6t8epS8i-Nu_Wz_wol0w_Ig0bPaAvmJk3VAD149qJ6dtacKix_DHbHPt73oale1tuLrKgyt
Notre Dame De La Route , 49.874142,2.306365, http://lh5.ggpht.com/z35SeexX1ZhtgBBnxhdbg5IDnehGwmIZP1dYFAnS_fZG_wzlqyl3n-3W8OLaJETbF4n0Hk5vQ1naVpvdRBM9
Stade Urbain , 49.871349,2.310101, http://lh5.ggpht.com/1xb6In6INvCiEbHDIfwBbEvMDwoBzxLKZRmHcdRm2ncoHGjfJxahuEyKslX0o_DuQ5ZyHif92GXLMulWMnSsAw
Fresque , 49.874128,2.315191, http://lh6.ggpht.com/Pldbd8uZ9J794hT-YN8q2Ajw8BEGkRS3Q2yDUsQIInin4VvpYDeLiXjsolEB-3T8pcy-IQ0IMTdquWUEcbNh
Le Blanchiment sur Pré, 49.856792,2.376908, http://lh4.ggpht.com/5if9qTtZDrWzJJNSmjQYfmrI3irY_VUbnrPs2rEdj_wnz1gL2w3yArx2XpOR2-iYlZBOgMRPwE54X5FRFN-2QA
Etang Pont Prussien, 49.852978,2.379231, http://lh3.googleusercontent.com/7oj2unici7uX-BTwtBIPsPR8dfuCQ_4PYlnxmdTQaEx7heVAZYds4EYGhlUePx-RNOi4tGOi0rDPx0fNXsJB
L Etang Saint Nicolas., 49.854735,2.384785, http://lh3.googleusercontent.com/W_KYz-XtlCL8RtkBCKQot8hGBKAyc2kFNLpSByl-DXi08sBeMWEEzr-LmuVXkKm_zuruM5_BCAROSgyHmR_d
Eglise De Boves, 49.844546,2.382893, http://lh4.ggpht.com/nGwLB-mYZl3btVmoGsm0rqCReNsamBJ2AvCZ5RdySGUtw5JkMstXbArVGXSWNPN1qc-qs4uaL1PjCuP2UeY
Mairie De Boves, 49.845436,2.390539, http://lh4.ggpht.com/G5eAwzOiUZXZTbpHLibFcAgH-vqBZfV8BVXfqVQV7C3oaIMSHqNH2dKFiTFToZwtPif4dIB_XX2eluk1EN4
Boves - Crucifix, 49.849632,2.391791, http://lh4.ggpht.com/BNwqb52HX0BDkg9whQvG-LK2Haey8pH9Etq_Dqji7hBv_c-qb9JrWdfE3pdCZD_n-vUXVZeKSIVQYVJJ96x0oA
Morts Pour La France 1870 , 49.842724,2.399747, http://lh3.googleusercontent.com/mpal565aHVEfH8L_dfo5-E8819SP6Xvbi1o6KHnP_FYJtiBFpFgckQT9tjPkclJnde8U3OnLMJwOYeurHOof
Clock On Wall , 49.866934,2.379886, http://lh6.ggpht.com/EXSbf6FFe0YT4x1YgGgbfJ47Yzo89qxFLZepi2k3BECH8sPwXDZzYaKBQO9XVR6bsADYAdEpkN_FqShrMX6wKg
Château D'eau Du Pôle Jules Verne, 49.868113,2.37875, http://lh6.ggpht.com/_AQq-8wW_UxxL4tPeXS2NB1utErUfz42nRpapOfEXfeGxdC4cWKkziX_lH-PgRr3mFq3ecG2JC_z6ooLPSVKjA
Château De Tronville , 49.879682,2.410509, http://lh3.googleusercontent.com/_mSk9K_uIeneTc_ZISfeiVpqtkANP8nBK9jiIv13wl8Od5BZW_m0DOv-npnaHmCJEuNqtMpsnjW6rR4G92_H
Eglise De Glisy, 49.878682,2.398972, http://lh3.googleusercontent.com/vofie8C36u8d0V1QTVDdsPrFdLkkcF2CNnD7VFcgj7GbbIw_yu0EJWFihc3qD-ALj2RyytqFFm0Cd0V-_o4
Aux Victimes De La Barbarie Nazie - Glisy, 49.878667,2.399438, http://lh3.googleusercontent.com/uMy0ADPypW6friSsKlZwU_YigEdhCvtd1gMJCKZQCWcV-Zw_5FjZgHo3IBnEbqhICYRDp4r-hKWr6fp-iLsL
Écluse de Lamotte Brebieres , 49.885284,2.408614, http://lh3.googleusercontent.com/Bd3YkskTUVsFa4V_5k4lZVpOLJYqbvY7BmwyDLeZVf36PnsxCSH1e3pXd5n1jRkWYUAx2JzJ2zcFzCaJpbI
Église De Blangy Tronville , 49.880157,2.423394, http://lh3.googleusercontent.com/rvXjTwsM3tBxtOz6oG-nQIqkZ3peZreqvHLGephTkSq3ZIahJsdu8clRR7CqrUvbWK35uAn25CoeZvKTFBxN
Église De Bussy Les Daours , 49.908974,2.43389, http://lh3.ggpht.com/280PFt9c_H8IrFq4RDymUzzTTnDIVqLonIL5HKuEGTOa2nuUa1dlcE3lElb7yTsTtSqXaOHVsJE4Ln6r9DIC
Bussy Les Daours Monuments Aux Morts , 49.909367,2.43388, http://lh4.ggpht.com/B9avH_6-mPPEQUm8CvJheGucttnGV1bF98NVA4aHT-eFA9PkxuqnwSc4chSopc1OiWhTJA5E5xqWtS8SmHuT
Parcours De Santé, 49.883908,2.352884, http://lh3.googleusercontent.com/IW_czzH7RBU-pngBSIKkwEnCT_2hVN58pum-1E9Sg5f4vvbqnZAHqngmol_eLHBFfarNXT_eXZyZ13V1zsOS
Château D'eau De Camon , 49.900127,2.357892, http://lh4.ggpht.com/npctEnuCxpTTkqRL2Di_FzZNogrdPsRbIsn50IKWd7sOnzhzcSKqGEJeiHNd_1W1bjYYH24qoZmVzBkTmhfa
Gargouilles, 49.880783,2.304883, http://lh3.googleusercontent.com/2-5Kavk36RkWzoHz3QnixOPazl5km-4Skj6TYpYTRIBHoH79_MRvpJ66DkUTqiLBsqGEasx6G0dH30jintvQ
Hommage de l'Amiens Athletic Club, 49.880843,2.302223, http://lh3.googleusercontent.com/0Zi4GqXQoriSw_Ua-_xpJARpP1imPzF3o9RFgtBIy7Bl4tS3JScA8ofad8KH7plKJiFedqsxnjoJszNR5xEOQg
Square Beau Regard, 49.880641,2.302952, http://lh5.ggpht.com/eCMj1s1_BJljrGxxOp0mjj2MsCGJoNLY6XW7h5zIxCG_OvbMrCIEkksqLYQiuwSzXM_pM_nGQpcjFysQO1zA
Centre Zen, 49.880655,2.307142, http://lh4.ggpht.com/mQegoW0i00b13T7VEqdZ5eiDJmx8ALa5jauf9yO9nC9SuD0802GWG6oa7_aNioyBCSprCCDddJo8YAYbjiA
Indépendance Des Syndicats, 49.887122,2.310025, http://lh4.ggpht.com/dycR1SJJYFm_pVYvsQ9W5kPY6If6y5xkJy1hDnaSiM15lDgAut2kkK1uUqoSLtmZ5GysBGa_FfEnrtS9cC0
Parc de jeux Dejean, 49.888332,2.31146, http://lh3.googleusercontent.com/O7MA_CLKwIhRs5JUezYt2xaCdCul1lRKEvH9IhMtOHJPeY3TQPhcO8kVR7bMwlb3c7bYaVX42CDkssaq-rT5
Le poilu, 49.886475,2.308841, http://lh3.googleusercontent.com/cEVvhzT8OfLwLeuF-2RXmskdR2c66rLnCDMNMjkBYR7LCGwYE7fNAmIsuYlHVRGoifM8m0d_tKnG0hDrp9i8
Vieille sculpture sur une maison, 49.885878,2.315033, http://lh4.ggpht.com/ROkGF1FixxaL9VrCv58ObZFZuA8bbhXh5Rnn-3ThN5ZUiSLz8ZGE1UJytnUzQSvjkszhLo3_BvpDGGE0i2k
notre dame des anges , 49.885903,2.306301, http://lh4.ggpht.com/MdV5Fs7JGJ77yhQ6Q0Gu-FuzpXLPJ04sdOdb6xrfDroxIbYBiMHLdGnxPYsADtYy3dZoS9jEwNTcfnErGwp2
L'Orange Bleue, 49.888075,2.307017, http://lh4.ggpht.com/KJ69-2XZu7_zK_PLZ5CbLXmHADdw5VPDq_J3xCREcBtO9_m9cqgFPcnMDCFTz4UzxDUbOijaRjNEbh3F9vd6mQ
Caserne De Jean, Amiens, 49.888511,2.311894, http://lh3.ggpht.com/5I4JdP9ndXHHE3K2z1qJmNN8B2zHWSX5oM-aYepcr02Noxso1iafVtYTn7Py73vwqdZj95OFshEHylDV_ihHHKtbG6xBP5Hh00XDvl0S0CjirXj2
Jesus Christ, 49.887438,2.308298, http://lh5.ggpht.com/c2TxDh-dNiXLH-I6LVCJBCTye6dC0pDJzt27x714LE0pAG_6CKVW0wAljn09TyGZ-GauGlWF6U6qYRuZz137
Plaque Commemorative, 49.888061,2.313068, http://lh4.ggpht.com/R-KC8ECKMeq8ESWRrK6zdA0nwqzLbCN5I_vcbVEVfhiZtSF1vlDq-iptUszYT64oG8XVQEwi6XNIoRS0giu_
Statue D'Alphonse Fiquet, 49.88725,2.314707, http://lh4.ggpht.com/lk9gtAoAubIaPbMS7P5xhH_ftoXIBI7Ti4PySVHpY3iGyw8LWMGbVuSrWxrJB4P5MuSbLo9dQVCfaULWfUM0
Rosace Du 7, 49.886797,2.315226, http://lh6.ggpht.com/7-Ii6sMxg2HVTP3ot55C6QblkScDgb9ShXBpKa0RPm_R5_oTiL3Np5B7Acmt3hA8MAGqzSPrkWVhK4lnwuo
Plaque Du Parc Public, 49.883544,2.306874, http://lh4.ggpht.com/-RUodcuwWYuFbFT63FfL29OWb6B5j71VG1ojkcrT4qDINuG3vsYaHWM0xxQUL4NXC-ap6B3KmKiYB1YSRbMU
House of the Pine Cones, 49.882166,2.306575, http://lh3.ggpht.com/xPrr8hjtp735bbFNKIjEtseG4xeOIKrM-4-0FpD19JMla6iPJS9_BOJq1LqrZhk-dQIYz6b-rItPDWdz8KBN
Chapelle, 49.888272,2.31251, http://lh3.googleusercontent.com/3aUwqeSJz4BBMjKXIuP3RHhGJL_5ZN8lg3S-iiEhrBAyjlshR9xLT2gpN6Xr02evHXl0CwDS_bznUHDdazS1
Église Du Conservatoire De Picardie, 49.886017,2.31066, http://lh3.ggpht.com/SHm77dxKZmLyjQZEmw9y39Z4Hf2GRgQJ8TQGK_ps2-FSfSqUHLhMkGSK_KLRgKtxmIvZgyy948spx2Ms0-nX
Plaque commémorative d'Ernest Prarond, 49.885436,2.313855, http://lh4.ggpht.com/VR6q3INmJNTVGTTKK3ZHYURqrC3NoHnkl6rpJ_5eIKN8el5lTBs7nLWHm_uLApe1IPwxEkG5wH2B9EkKcK68HA
Centre Sportif Auguste Janvier, 49.887424,2.313436, http://lh6.ggpht.com/gkGc8PgA1wkJuU6dmrJSFjOxITs4tB7QNHzh6W5IHUvBmYGNWPP6YAF0yukVpjKRZPLrl5IeLy7QQ0RFGgKx
Eglise Sainte Anne, 49.887438,2.30731, http://lh4.ggpht.com/WQ6oSPYKLBJnIDV6NKnpLu92oFjfe4KdSWO0a3XH27WjdwazkOfTIVDpi8qNZwLcNCmxuoHsCF44tqXdyjQkeKlIsavIhlqz8O6tTtC4ZvaEtsfZCA
La rose du 108, 49.882146,2.313718, http://lh3.googleusercontent.com/WmSYrtwxU74Eb9gJMqFAV_xxS-Q69Tr751vkl6VWyf1bsFrk2icWsjgEy6seQtlcyKG6BK-T1W5e1WKFXDTyig
Les Petites Soeurs Des Pauvres, 49.886616,2.312918, http://lh3.ggpht.com/DR2ttFWanCjU5exBwKRjNFqAkoveUR5um_9BBPm0srNKYnr2rAW0XhSJS1Uug6k-RFPN4tQDoNpNLoK9fe4
Fructus Laboris, 49.882748,2.307508, http://lh3.ggpht.com/bXK4KCcpXG7U5u3h_pCRo3a5sPZgkBKNm6B4qgreyD4UoY-SVkyxtWYnIbS90awMCBU_XjQVcy1X6wK37dg_
Ancienne Borne Kilométrique, 49.892234,2.328605, http://lh5.ggpht.com/Cn13V269sXFNAwhCHwz2xz-JOSRhDdyMyUHz-dsae6b860Iyv0Bqur64FMKuIzlQF33TGX0AXeONWHFljAc
Plate-Forme De Tri - La Poste, 49.890435,2.321479, http://lh5.ggpht.com/lh-mrCX8HQKa94yCWqJJn-Iuu1H1T_vJGLKTQSx2iLDvsqX-d-KSqrQna4UxDR-TOLKhVLokj8D_8u8GitUcow
La Battelerie, 49.893065,2.326982, http://lh3.googleusercontent.com/27cXy9KqvNdtL9HcGZSnRjhrwFA7-zHEwlGcYOoH9-OpZh5tG2o59iLKql8hgWAdgt78r9R24FdSo61M9ZVq
Les Passerelles, 49.894074,2.318522, http://lh5.ggpht.com/gBA6-K2WZlkbFbiP3zv7-QngneyEbZLRKbajLxRvWnF65iZTacdlsA2ry_ttMdcYikQkJwBjNmQ3wbRcYdA
Les Chalets, 49.894138,2.319215, http://lh4.ggpht.com/v_Kbz7ImCdEffH42tEmajVZGMk1Rj4yPw7rl3qXFqeFyKe2A4ez6T28SMTH47mhlN5AUQjVw-rsMSbQcGVTZrw
La Cathédrale, 49.894019,2.321155, http://lh6.ggpht.com/dpFEUI8Yp7YfHfECCxUx8q5tTh1YnzJZ1IOUvyXtW0OoXIi0L3z5isGJWfFoErdtsN4FCHbQwDkvj-buFCz0
La Poste De Camon, 49.887679,2.343282, http://lh6.ggpht.com/kmKYJDvGM4h1XKWQQa7rB_f_fEybBzdNxLoFUdE5XlgT8uu3DjFSlIBKfiDDh6yAfjJtf3KyIVcflkANyd8Arw
Église De Camon , 49.88706,2.346232, http://lh5.ggpht.com/IV0T56A433W2XrRmIer9zagYT2ywElxi1lJzn9zGt4yLgB-UG3VudenCupBkpFD_GBruYmDUZoIGyLsJrko
Les Hortillonnages, 49.885,2.351132, http://lh3.googleusercontent.com/O8J3EFi8ImBiM9m_XgK1271O_UWGIf2DeK_IZQ048DYjWlS2593iSwq42973kU_xZdp7BFNCs36kHpLeMB0org
Aux Portes Des Hortillonnages, 49.884595,2.35107, http://lh3.googleusercontent.com/L6dONFB4cEFTyy9TYHW13EIipdA5HRhHDDSapHP8AOyjA7TDtY-yVc7hqxlB8JJ7mprkOJGcoKGMXYPEs1Ja
Hommage Aux Morts De La Commune De Camon, 49.887402,2.345266, http://lh4.ggpht.com/u5x13UiEFYqpymJFduydMJU2wO2DTH3RCSiU46ZP8-mjXw0jhdX4Fgi6ACVPdgP_SUDV2T3vMtg4rjEw8WZ-
L es Ports À Fumiers, 49.884089,2.3487, http://lh3.googleusercontent.com/82-BboGUIII1gU4U4eQIVyx_-p2beek3-tywsN5Ewh3eJHLdWjC8xWboSVLj-UnSI7MG2YXSvGhvbiQX2WqB
La Chasse, 49.89126,2.332947, http://lh5.ggpht.com/UAfDjCew3fpNzwQwHCduMuxrd4KFQvRi_yoeqPA6PMxVYc49szwYIwTJsk-ynGmpGWUKKdSwomr8n_3wohN7
Borne Des Couleurs Des Hortillonnages, 49.892379,2.337182, http://lh3.ggpht.com/xk7bBkZ959BxuyiG6yd7qTvIb5DtECDLDjj8mE3fwRIzOyOEs4b2aDagFUXrpuGidzDl2g2jXru96kQmcM0
Wooden Pylon, 49.891161,2.337138, http://lh3.googleusercontent.com/jFRACoCEcSWs8XUmUuc1qja8Y2uZpnZ3Ozhm7gc7GpWYxnsjWMwTk2_Q5Bb6Z8ML695CFZtGFiZKLCNpTtJ8
Une Source D'inspiration, 49.891201,2.331477, http://lh5.ggpht.com/il4uhy4ZaZI2i4o5qyHuCyxlWeSDRtdzi1THhdbOpP4o33hsUHCvs0U-SHFyIsh6qRuydFiTM-Obs9JSo3o
La Chasse aux Cygnes, 49.890755,2.335169, http://lh4.ggpht.com/3kCq23d4bLNm0ZnZ_Mc77YumFlObnMqIUfq9Ofx1vzl64sA29CUWX-iALiqUHTATmcc1WLE4csndvSOrTlM
Faune et Flore des Étangs et Marais, 49.891282,2.334109, http://lh5.ggpht.com/iFrgae7UAdlyQC3NZ8Q6jBUT0c8U_8MLgpkGCBI-Rjaw_wDXP6d_0QdgT8wWywKPHeEAw2hFJZB551ZxlvQJ
Chés Intailles, 49.891199,2.333536, http://lh4.ggpht.com/8-6723Be8uE5FTP3IMQNTranfuKE06nLdfwYwmC34jfS66BItGrhShBqdaydpvZYwtCradrgbENN3P2XLm-8
Anciens Garages St Christophe , 49.882432,2.326161, http://lh3.googleusercontent.com/_ddXa3PVxUtf76IBuz_Zou4plafUanZzMdQkQTcfjO_1kmqMul3mnsT2Jf4sLrffdYWOROT0urwODCK9PLaD
Les Dieux Grecs, 49.883258,2.325772, http://lh3.ggpht.com/Q2mXD4H398jcZZqvXyms3zTn47XG_ihWFtbe0qGqeKwJxO_uM4mT-yUseX1WLU-qKQFg59kdEr22EPM6R89L
Résidence Des Échevins Art , 49.887788,2.318067, http://lh4.ggpht.com/J32rM6LDHoTZwzbmuBuxmI4ku6TfCnpYmmCqACvM07G0rcQ24ntpKS_codbRgRIg5lbPYAtQ8ulxRWxbvaeB
Plaque 1894, 49.884014,2.326206, http://lh3.googleusercontent.com/ck_WancGxeS8_uPJtmKfSqc_PREkDQgrgkhUl8Roxb4pjP3tW_BCut9_zbVKs6LFY66gatcTVN5-elV6tU32
Agence Postale Des Platanes, 49.884708,2.321085, http://lh3.googleusercontent.com/rGlrJQ9NKsWh2e7MsZT97q9A1nJgMW0P-BfJ3hx-MGHuJZNzJ3NnaEMurreXkPafk90fQDO66E_8a7c8U9ey
Amiens Haltérophilie, 49.885825,2.328546, http://lh5.ggpht.com/jbJCIJzxu_BgDkFjkCkyxNFae0XxZ7JptuuW1XaIsSeytaep4-bUVrouB6KBsZWpqO_Z32FJmIS9uNbuGw
Mémorial Aux Instituteurs Morts À La Guerre, 49.885139,2.321149, http://lh4.ggpht.com/pImrG7ftMttIIOarEmToHPxslOR2qYpVcwuFv7-se3bDKKagw8AGICt5HwzmcvxJrE8SRv_rX2wuF-xo5jA_
Terrain de Street Hockey, 49.886468,2.327349, http://lh6.ggpht.com/Muvxe4fUfAO45pY_odOD5Cj9KIDG1EN62bD08hjQjv6HcXBz82MeEIQBVy18DMWX-g6hjlvYdDWDlyP75I03
Fresque Grecque , 49.884051,2.326586, http://lh3.googleusercontent.com/0948IU5eaBcwvEymzMUMgZcDEtgpdiVVdKtU_TJt8wu062oXnFAXPdmGNAuyB6JAxSUq6lEvG_05Yt-nzGGv
La Ronde des Anges, 49.887491,2.323058, http://lh3.ggpht.com/gGQ1d8Yd46ncOymc2cfdzRhYkE8PlIoTIiy9Q8UhX7qdeJ1RZn0jcX9a0oyudU-1PvG-QRhMUMCi1yl5kBiK
Maison Paroissiale St Etienne, 49.882977,2.32218, http://lh4.ggpht.com/-rI1KlUm3eM5Ljk96d4nI9vYwaRRw8lxM-CY0tD-v4X7fWJIwG97xfPM-xyaKOLb0PM6Vq5hJLqiwrtoQbi4
Maison Écusson Royal, 49.884502,2.321475, http://lh3.googleusercontent.com/6Ax9Y2zPzOW40w8HbZ3LZO4lThe4hhbQR1C5yn_Vr_iJDSurWqpaeZfd8sQ5pTq1QCGoE-kQoErB7HB940c
église Saint Riquier , 49.883253,2.324759, http://lh5.ggpht.com/RrhqEgPWxLi8uGOzr5GWHg567M6kg_ZzbP0x7wxezQrLiT-BUEuoRln6YC5qx7TSwHwvcNqCms-fd5P8ZPYDmQ
Sculpture Murale Masque Grec, 49.883448,2.326125, http://lh3.googleusercontent.com/YyBoW11GU7YoSYp8ZEM566yFggD_kxp32jmyvHBumtg6kyYDC-t2B0a_N_elTiheLPT2qFqrXt7Di9bsp-OW
Jeanne D Arc, 49.882673,2.325971, http://lh3.googleusercontent.com/OByx_QQLkxv_M0sNaFUJwrZKEWSySU1TRBYt-lLVahx8_5YHCJJQA5kTm_81tOPLAm1VlwBCVeGorWpThaU
cabine de téléphone anglaise, 49.884042,2.323562, http://lh6.ggpht.com/YxfNpBmQZGvl88tDrsHNYMDC96bSSQP5JJLFwRQdUP_DdfuH3RRuCCntred9GrnHeCwvL776DRSD9CwgWDw
Mairie De Rivery, 49.900756,2.321628, http://lh5.ggpht.com/9v9rV3gvGxoYmDmmYhi-fwBTd8TZPLQUaB2DD6F2EY1eXhpPUbdjN0_EwkJ91_BZy_RKyxk7LZsqgcRK7950_Q
Paroisse St François D'assise, 49.902126,2.32465, http://lh4.ggpht.com/AcooxkOTndHtKfQ4Tx-3nksSP7mEs4QyZcqaYRTLT_ueR8ShuKeDDgHoZw7ZooI1rgEA79NOcf1mEduB3RFdYQ
Pont Multicolore, 49.885142,2.330203, http://lh5.ggpht.com/_cUd4ONKHQyWUxgsJ3uAztI6KxoLT2gJq8fJXGb7C6bVokgo4a6YpoFA3m4pN-_tn_0XupTtgHFqeaE7svtU
Le Maraîchage, 49.886132,2.33738, http://lh6.ggpht.com/W5_ufz4cDDb6WMz1J78TBzY5-YBOtsFRa6xLtAC_24ZRUvAiidwhJL7zI6qS7v1hQMPSWLm5Xr_mX3QXY14
O Crux, Ave , 49.885098,2.330096, http://lh5.ggpht.com/-mMHDNpppYf9hFI5uKVNOhJiui9R4SJILfyn1jbGFdLevYLYxrIzK7Z79JdsF__297tmbJpZ7F1PeMrJuYHK
Modernist Church, 49.885791,2.330721, http://lh5.ggpht.com/nRH74qI7x7agEe_BgJDuZ3TSfKjRpElt-kBx0-d5nE3uEUKqqKzhQ0j8MAKTihbQ4Lvir-jROxKCIr_6bmgZ
La Borne de Camon, 49.887056,2.336484, http://lh4.ggpht.com/fBhqSJdFNdG5YpqPHEkCgpLQuuZhhBZHPF_m3E6UOxhTXg5KGOpwnZ5zimgVDhMGbvUkTiekxCryr5z_-PiQ
Les Guinguettes, 49.887721,2.335723, http://lh6.ggpht.com/3lTe7Bo7se6SzNOeyZ1wM4D00AQ6_JNzuHBxK6SWtxvY1Zg-3sgXAWcoqVWXzsJKb4tNrx9tmCaqbMD2dviM
Neuville Public Library Historical Plaque, 49.884937,2.329552, http://lh5.ggpht.com/EBLBu5V8iOIhdwBAB4gjPLfM4ucr4Z5m-JwGdFjC_i43p7lN0ygGi0k1-6NZWg-Y9yMHXFG_tcvYXcqAGNOeeg
Au Rendez-vous des Pêcheurs, 49.887957,2.332907, http://lh5.ggpht.com/jumzrFdUWBucMbgIK9DM1cihsv0FVC5t8eJoPL-S22Zw4rXuzK3QpZW0oEpEcIsKQUvZqVztRhj-JDQyNN7Q
Église Saint Geoffroy, 49.884011,2.304414, http://lh4.ggpht.com/0plFPsN65qxWzYKB3ZhW4lq4C__MiVsBrK16s9o4zRTbf2E7jah1_-P0FsM80kVczUiWhSd-mwzoCD5QSUg
Immaculée Conception, 49.88582,2.305446, http://lh5.ggpht.com/byOz1LUQFq04RVS2S9y4LEp6QNcyDQs-mP6LCvVsRA_FabjL4bKbR__O1Uy9ReptGh1Nr5s6-n8GRYngwgZz
Jules Verne, 49.888248,2.30373, http://lh6.ggpht.com/pzd9X8x9p6q5TWFao1R7nvSPvj3CDYYQKaLmM9996f66DJqaTvZq6wQu80TxXPhoqH_qEfHaTSAJqFr8nZo6
Fenêtre Décorée, 49.883016,2.30463, http://lh6.ggpht.com/wuH0tJAKLJK5zThQ7_4dv8gRzI0cN-EruFQ0LerP2HBbc8tqztv2fS0gjmYv6T6Ds2gkxjCnEWRylsRXT9ru
Monument Des Mutilés Du Travail, 49.888281,2.302344, http://lh3.ggpht.com/eTiNmfPyl2ivYpnggl5JIIJZoshW07a4RY1audE7LcK8v4jBAYC0uAzsBWPTJ2PxBW2iDsDtWGTE5LqCunnsVw
Armoiries De St Michel, 49.886852,2.305398, http://lh4.ggpht.com/832xP3zbicWnqXmw3uQtT8HqNIx2Sdi4BlLt7D5udkVWClqmexEWDr8R8dKMPAp9qeNH7cIOn1hw94jfcX9zWQ
La Porte Du Roi, 49.887087,2.303534, http://lh5.ggpht.com/Cx9OayMlGttQ8luSQDH9FOawu8fqatGXdLlqg0F7ryXInu9nOTljA9LvX7dO0pgueQ_VWdWQFfN5fq9jW3Ow
Le Gardien, 49.883084,2.305697, http://lh3.ggpht.com/KgZtGZ5cZ-_lIad_xD_uT_SZzVGGt6jmUTADyvcuSkcDvCs7t2EAYXh66kn6cc7hKyVUabRfGRxAIGOY5BCz
Le Panthéon d'Amiens, 49.888261,2.305345, http://lh3.ggpht.com/_DJnnJ6y0r2DeEnkeG6XXw0pUPn6VVR4WcKs0E7SbrDzcPyY_IsqA_FV3KatwAXq9ql2GHmxuUM_nHVCxMe-
Place Joffre, 49.887987,2.303141, http://lh3.ggpht.com/OGeK8afmUYAe019IBHu1qQmJxmnZb8a5wuQ-Br_kjozfVZJgWSw5kL7UG5EPP-op7P_IFOAeWykJ4qcK-2WYK2y1G_nfmApvWBYNrp2-ZWpza77dVA
Charles Dallery, 49.888073,2.302008, http://lh4.ggpht.com/uOBrlMvuisvXc0k7z__lgdYBsM3jPJz_H8QCsuLW54Tx2eI6mi75GQ9ttHBnlel6ZmTOEULYdHbCZanOy0M
La Conscience, 49.888436,2.304784, http://lh5.ggpht.com/fhi-Avso1gKD3aiD4AHR0nlxgI5-3Z8C-t7oOyodq3KWStqDvzca9n4EFLp6d9DIdqgq_JCrbrgOO1rTT79R
Cimenterie Simon, 49.887389,2.305955, http://lh3.ggpht.com/1zDrP8vJQ7DsD9yStOL5AriYJfFpuM5ocbCKamByYeQnha2HSZNmFqxCV13K-nQoIOSBMSojWXRYa3bMioA
Délégation régionale des affaires culturelles, 49.883058,2.305218, http://lh6.ggpht.com/rhofyYOnh45TXNfyRQERx2JM2Fj0h3be7AJiX44cIBJdTpvvBRYvYghKcoKq6CA8ftJnqn5y4C25AuomB9E
Porte Sculptée, 49.884431,2.303914, http://lh6.ggpht.com/NCTnffkmMQH1L1QiFMRUd97msdIYeC6QfJczjsXePvQpJHIK3NBT6xVBOuMpevn9LJNlUOvq6RuB6UL1sbYn
La Vierge De L'îlot, 49.882693,2.302363, http://lh3.ggpht.com/qoJieC1PiKyuxh19d2LSMhbhJpis-_p_H5Ukw1gZGxNVPDLXNTVNHB8YKbdALvcw8RywKoxT-651G3oYo_yO
Faune et Flore des Rieux Forêts et Jardins, 49.894394,2.316185, http://lh5.ggpht.com/LbX37RX7toI4Ou3UovlJtp-Ko4FHqEwi0ZF_PSqh4XgzGlzeqUxFNX0XIp2hCFGVbGff53vHE5w1pgTiLSw
L'école de Natation, 49.894629,2.313268, http://lh6.ggpht.com/a6x6SC3WcO5Z3JTVA-M0f0fVvEj_P6gQhRn6fx0EPZvy_Zf05N4BuuNCRDW6DcCCrpsN2E29vmGlJgipJDk
Immeuble À Petite Barres, 49.894221,2.309412, http://lh5.ggpht.com/fcIxItlk4YGFR6i-mQP3KOnZ9k2skcQMqnuCzDp4SQFitclB-gSIk9HHoUhEGyZLC73LxQNFyCSul7eGhXGJ
SpongeBob , 49.889909,2.307244, http://lh3.googleusercontent.com/X1eVsqXOVU3nHdoiRxFzAaOBSSgNiPro1_4faUprCxG4NzHbDO-SvYpUlZs4H58lJFLpqL_bIbcrgWtjxM5Ngw
Peinture Murale, 49.892486,2.308506, http://lh3.ggpht.com/ksqZJYE19CH-6tVSTV4fcW7n_PguiB4je1CguGE3f6tlDC4g49e9tXn6BsaBDMZODvYrPVIXqxvOVoZXdfo
Croix De La Sainte Famille, 49.889653,2.307828, http://lh6.ggpht.com/iqKjIPznKpRPP1NArzPqawvdwdtPVNB8ZCEdWHOPIeF6oAQFC6vTmgjFLeSxC-rkOHrOOhHgr9ggaviTUgI
Les Cubes Rouges , 49.89133,2.31101, http://lh3.googleusercontent.com/sMsE56H4AAuuxdMUAl-lUsZqfb7-PQn2bWhI3NdQmdSjjNyRWYnqW_30rYCbc6GJ12RIkMtObG0qGM_va-zR
Cathédrale Et Hortillonnages, 49.895197,2.310261, http://lh5.ggpht.com/Q15EMU3u203lt6Ob7D7sds1QG4Icz8-OUllhhUDaOnM2efGzRYpM6XeFCfzmeMEUh8on2g2DjARo2P914nNP
Fille Triste Avec Un Ballon, 49.888995,2.310512, http://lh5.ggpht.com/h2ssWBw6eagX3jsn9aZlyR0eHJIR_tP0nJCSxFR_IkVJKD-4GlpZC4INtW0tcs49sfAa42r1wnJO6dPozrh6
Le Grand Wazoo, 49.889243,2.307086, http://lh6.ggpht.com/2PPdr3ni-jYdtAgJeo5G7FCaAeKbxMEsw0K_igrJMtzhfz9dCEsTFHkADRNorV_xLaSXY6tArp2DLdbjifwQ
La SNCF A Ses Morts, 49.890293,2.308296, http://lh4.ggpht.com/Q8iqRL8l7gvL7buxh5-WR3CSc2luxAMwvx3vAI3IB0PRdi8MEjPTcJVDIauSWujcfs7J-Un_Pe3HiIR_gqM8
Jeu d'eau, 49.892542,2.313949, http://lh3.googleusercontent.com/T1zrOOg4kTeo7Hu3nJJNqjMhqXLPPatvvaTG2qT7PUuv20ng_-2Ce6ZqLjCR39vOND-IE3D2xfEjRQ67uXbW
Gare d'Amiens, 49.889848,2.310867, http://lh6.ggpht.com/dh7PWl4XQxqOXemfh-9ULzmQZlpWhMY1JzOmMhWMUTafImdGm7pH6CuwAwAwwq5EiXPYPqrVhkhDl07b9x8uPA
Gare du nord Amiens, 49.890811,2.30695, http://lh5.ggpht.com/Q2Xg1m7BrkiYVdsq3aiD0FsjI6N9xKcSlvrdu2MmcAs2CRVtR9AXki4JY4_RIfHMIYNSKb2MVGXF6kE-QEhhXyw9u_L9PJVXSNlI3r9TO0zAyiGE
Amiens - Club D'aviron, 49.895913,2.306492, http://lh4.ggpht.com/KF5UugBgqmJkTSJJjfwZxXwXR3fg-IWKDrlJLMGuBnIO5ipVAkORwwSnsoUktCNyap21GQl7mYV7maucLpVOIg
Sculpture sur une maison, 49.892515,2.30813, http://lh3.ggpht.com/OuO9P-pieTpuEcZ2ew0-wKsdH8380dqPG0s8TLixMaNlaVbQJufpBUFlMeFE0ylgiWHuOYqPY3ZB4tOCbEZL
Mimosette 1926, 49.894415,2.31484, http://lh4.ggpht.com/IBFmRtod44wsD0b__TfyD4Z_e12jxU-N3xMIVhscjmSOOgQaLvqndnVOVugV0I2Q0v5ZAN87--A62qF3vU2g
Tissage de Velours, 49.89376,2.307013, http://lh4.ggpht.com/x_6VksHuWYjNBuuJP8lS-c_ENipUA5x13NRIYC6-ZGIau4n7jjMAIG-x5DM6D3I4u3UglU_U5rePNM-q8yA
Requin Sous le Pont, 49.895334,2.310594, http://lh3.ggpht.com/N29s2rZwGMhuv8jwSiavbQydFUsVneCbqN-nsMxti-0_4X4BfpYQU_fY8CcYMUlBdt6tEiFawitRo_rfRgOD
Parc Urbain, 49.892742,2.313268, http://lh3.googleusercontent.com/AjUW1NLaqPFB81vJde8x-O4Vu6W_TsEA2asRsvPwmbLIxACnG2dgkfsBDWRMjm0vOVFLLUEJsPu8miBnUcK9
Maison de la BD, 49.891906,2.312742, http://lh3.googleusercontent.com/1Ugo3lJASwS4KCBXq79TWkQYXeokQdVEhLjNeiJFIe2oVp0asZ65wIjKNueVkUgKH3hw4Hjxtl4VnU-JrPc
Halle Freyssinet, 49.890775,2.313358, http://lh3.googleusercontent.com/ds2UAt3DrDGSVfskzvbffvmu4QAAneCVEgF9sUEdhF5XIetoGa5YGB75AWZs5QH74uu-HOoNQj0LGtMce7Al
Maison Rococo, 49.889097,2.310918, http://lh3.ggpht.com/CN9PegI49ujIOuzq2qneiv9o-CmXtMK7aqoZfNsVB-FZKp16imCQqw8AYBIj1SkGFgRaZ7D529nQe8s7cSEk
Blason de Beauvillé, 49.894991,2.309788, http://lh3.googleusercontent.com/_wovAKmTpgGHm2FOpnDyFuEuvK8ddPeOuULH4tn6DaxBdwI3dB44Ms4EqNxyCrVKHYB5UOHFJrVPmPXc5uM
Fresque De La Vallée, 49.891968,2.309228, http://lh3.googleusercontent.com/s4ftlz9ayDlTHgJNT-t9QCCBXph2DTyAD0P_d-RkFMZennrJMcaJMNhnvjIyaGNj8V0xYyVYp9s36OHnAzA
Ile Aux Fagots, 49.895191,2.31301, http://lh3.ggpht.com/T04BnYx4DmTyQoH-e4U6KsoVximJIXmc6-LztCedA-OnYpg64C_m5lUd-Vozg6JPp2EF6xf7gdfpeZho73rr
Le Vert Galant, 49.894409,2.315189, http://lh5.ggpht.com/6hsw9W6k_h4GzHhCY5b3iVVBjDGIGdJh9c6OrR_bqlvOKM3eOsmnPIdiBcfUkuhM_8X5PF30iix_DVg6hiBD
Parc Saint Pierre, 49.895489,2.309272, http://lh4.ggpht.com/AuSmKED8Bt-8f1LA3dVVHWjr0EYAF6iJ49A_Pk8kBR5vNJ5MlfnmS2cuqd1H-EtLghdeEWbz1H_fJFIvQN8tLg
Tour Perret, 49.891044,2.306322, http://lh3.ggpht.com/mkxpY_6pRRUJn-nz2VV0SckwiGz1jCqJ2Wf09CxG_1XV4tIqAFuCqQ-MLDjXRrw2GDSVBOkLx3EbT3EgfCDe
Eglise Du Sacré-c%u0153ur, 49.892987,2.312558, http://lh5.ggpht.com/clYtQ3c9NL0nE5A4JTXHB1ypaglF6BYxXHdDhjEIgSl9SzmWvSmtLi9lMeS-WkaDypkDghsLLdu6NjjuqqkRXg
La Passerelle, 49.897493,2.309789, http://lh3.ggpht.com/_WVqIn_bss-BpuJE5uBq4A3iqKdfp0q_ocUPDAOTV0MqxRMuxge_-Jc7pHw3sZ0ambGHOKEHxh4AvrYNXbnv
Stèle Yolanda Gutiérrez, Amiens, 49.900285,2.307973, http://lh3.ggpht.com/bC311bhngSizGO7fxXwlAtXxsPsHIFKB9sWz-tsmBFqgOGa0nFL7tnkgyFPNDDnVhiFJiuVuH8ncRJqVHqDZFA
Skatepark, 49.897873,2.307957, http://lh6.ggpht.com/UcfoyfOPbo70LJaSHtW6bBV3lyKie2YMxwmWAS5QlfgeAL-sBlZhwCoGEs86h2dBGGM-gzuWiyfY3W1tWucQ
Parc Saint Pierre Amiens, 49.897718,2.311275, http://lh4.ggpht.com/u3jkZR4xISyqNN2AUFlLNZb_qg0cW8xmxQNZjpXap0_IlVgnfqnBHyD71hzgISLeK6SEBy-AnNFD4qoKcnfD
Amiens - Les Hortillonnages, 49.896537,2.311124, http://lh4.ggpht.com/VD_4hiHFaRGIIsn-DO5oZNOBPdUBhPtRZ4pmmiELoyKeZG5FwwysIdBOTtv0q23VTxF1CXK0CEaAfLi583kz
Cathédrale d'Amiens, 49.898892,2.31082, 
Serpent Du Parc St Pierre, 49.899168,2.307836, http://lh4.ggpht.com/gZZsBOCVfDh_cW6N0x_0ERmJ3xTXof8KH_Jy5AFmcuX4MbHwpBnAWpedIJVt0aFvxssDjSh9e5JIJDZYvR_f
Araignée Saint Pierre, 49.896756,2.308683, http://lh4.ggpht.com/MFCZXrEDStmOSdI-rb7toOgLy4K5Yb-XQ3LwIL0kGA5Jt1iSuzj01RG0APp45KwVp_FDUazzBFkmCVH8I-l-1Q
Ancienne Centrale Électrique , 49.896789,2.306308, http://lh3.googleusercontent.com/5XD3WVK6PB9EbaP-2io0JGf0oyIzHzMFvi3V3xT9ZzB6ILAV79gPZab-TxwplSZY1N8lnofhRFKCyQlsz-I
Lookout Point, 49.897594,2.308214, http://lh6.ggpht.com/nSzbAkly0sb2T4FTveo8sbKBe9ud6sScOZYXHn70P2UbLXyvF7votdoazUaqyRenlXYObNZaSslSqiTv5Ps
Société des Amis des Arts, 49.896961,2.30445, http://lh5.ggpht.com/-pC9A5fJneF9DJyNnh8jEZuSnWLQmqEhgWx_iN9dsVAzTa-tIIN2wyLaG17vqAXscyY34TKeCrDbRtL2HMOLdw
Ancienne Borne Kilométrique, 49.898969,2.305795, http://lh3.ggpht.com/xssXUP83yplEwlXGz64mR_BZ46ab-7qKlVaQ9KOR5J8w4jtNFjjtK2_24HkJS-K9s2pqfx-fzwaB7ymCXRU
Amiens - LaFleur Statue, 49.898335,2.302688, http://lh6.ggpht.com/cgdPXF-67-BqY31H37RWVwSYzYMEaYS_kmtZw2x1n4l2M9cWZZ-4bDeQTDv3tTgWkCFvebFD-zYRlxaRm22H6E3kcKH6NiCuXtmljy8lUlOFuM1p
Obélisque Jules Verne, 49.896307,2.30347, http://lh6.ggpht.com/v0dGIyws9nRnG7Z4kgQJjXjuG4KsNoa-FhSpqSOypBFh4dSU_Vr3A-z47_YzWS7ZZlwlNKu5DCo6Ib6F-MsTNmAe4MKymBAeLoQcmlqec5Urh88
Maison De La Bête De Bois, 49.899347,2.304294, http://lh5.ggpht.com/HGy4MDLQuj30e3-I2akTUC26ipM00_pjUhl89pDWxlw5wEIW3jYs8c-TWiiQR9BO0nK_2umFJRF0-6W-e5Kp
Gallérie Des Antiquaires , 49.897131,2.305799, http://lh3.googleusercontent.com/pY3qBSOR0qixRFkNOBQMtqv9vt6VcG3X6DR6jL51c9iHIbcHO45KhBdD14RnEKma8bCI6CaZ9ZSK2xn_WPTZ
Amiens : la cathédrale vue du , 49.896224,2.304683, http://lh3.googleusercontent.com/ZjJCxNn7CxA9Rcgsam6e05EyVoCrqpw0usQsGV-sFLKK3-Nw-dOfjX8-UvxI2fUeBFrkdRVKa3qajT7Ru7Lq
Amiens - Maison de Chasse et de la Nature, 49.898684,2.304705, http://lh6.ggpht.com/tjVw7Xx2TS3GKMWgkHhSFx941NaUab0hM8CVS53ac9MCMeW6TR4jrwgT7RdPCeOudAA4Pc13CgCGEKmosBn6Ig
Amiens, Somme, statue déguisée, 49.896282,2.303982, http://lh4.ggpht.com/c_qLrB_ZuJpTS4cQSK7GbSa12bLFPsA--tHeHHFFonVuOkA7GYowuIotbx1mVj3absaHIslweL2c3UMdBuwxHQ
École de St-Leu, Amiens, 49.897736,2.304668, http://lh3.ggpht.com/5k9sad40ek4QfUTSpKseuimGiLnddX295eE6VVSsk0EyUjvgKEaHz4vGR2SxDYib3ZtaPa6tISasOFcjXoQQ
Attractions Enfantines De Saint Leu, 49.898643,2.303544, http://lh3.googleusercontent.com/3qsBJEwDYIMz2OKPwDpqGM4AejTz3MlZ-4AXmacGE-oEenN85bLRoS-z4VLomXf13V-lDEby-h4cxunSLJ2j
Panda Mural, 49.899089,2.303912, http://lh6.ggpht.com/rc2eU2jg_MVkO6xz81wLFX1w44MiQS0sjVmDUmiRA-6GL7SOEgMrLdpZ_XnbNDmpMKcmZN4Iid8V-JLPQNYWaw
Labyrinthe Du Parc St Pierre, 49.901267,2.304131, http://lh4.ggpht.com/d3GV5XtBI3sxahvIUW7eRn94x_h_TPtxxSwY1dGSprKssT64ad6wXrf0i6Qk_5owGxYD_StW3Jdswjx9nAAnxQ
Vélo Suspendu, 49.895326,2.305777, http://lh6.ggpht.com/Eq1-jagFrtUfc-I9klpq3oFMtZvByo43GNESfMD8Fh-Zyp3Ke_jdiRwMlowe9GWcCzOXUmjaYLpzd1N_S3o
Jardin Médiéval Amiens, 49.895274,2.302087, http://lh4.ggpht.com/hzO3yw93YS_7FNBnwDdoMkqwe_ovaXMeljEqEXCzKzmrvxdJxKuhOFyYBJHiMm5zXv1R9bquKL8EqVBv_Hw2
Le Ring, Amiens, 49.89122,2.303337, http://lh3.ggpht.com/kjFQsnymaZ56Dfbd4YoUUfBC4gTYVOGJrd1BZsfoSE176IeFrV6H3YWo7dMfuSXZTThp8AFnGqtttPSzgg3x
Virgin in a Box, 49.892276,2.305323, http://lh3.ggpht.com/J45OSD5l9WjklbrprcctmNwMrtWIU7bPmMy-D7h1HfHCUd2eLGC3AU4zCBNZJ1oLicyEVd-wrhGjUgwLEPMj
Statue Charles Du Fresne Du Cange Amiens, 49.891013,2.303088, http://lh6.ggpht.com/OseAtrbfda4fCMy_zsCh49dSqMK2xXRPSUoymrbKzCOfguBqjPWnTdyaiATCdQy2lRGb7J2QIdQr2yX83R9X
Pierre Des Frères Guillebon, 49.891203,2.302825, http://lh3.googleusercontent.com/rWEqBzQQ9F2TKs_gINLa_48S5UamNOO2dWYi2gHxAGi3ekmKQUWis16YKWhuD8O5HmMcGxGM0CLG_CgcO2MR
Chés Cabotans d'Amiens, 49.895373,2.303836, http://lh4.ggpht.com/zJGP1KaCRV8ebgDhlarfsv-E31aYzcNQFxSE72vtFW6RbTipMFcqflYpQ8gg-0lQsWYsVlInKE45u7S_ghk
Le Carlton, 49.890526,2.305973, http://lh6.ggpht.com/Sd5534t7kAhKyXhj6z5npIS0oub0pBnTCx-144OnFpAof_WzVzByLOCX0JhOdZLwL-iI6Ip5lfWsXrOQqi7NOw
Cathédrale Notre-Dame d'Amiens, 49.894307,2.302907, http://lh3.googleusercontent.com/0UMOir5rHa3aQhNKk38IrXVoQ5Ato9pCr9lNviescnIzeY3JeNHTRxiFILx_uqSiH80gieFqUZscy9rWQcQg
Facade Square Cafe, 49.890997,2.302448, http://lh6.ggpht.com/rjmQHBlTjZ_CxdXO6IrxSN_cgf_AoE4tS7hio3LScVFRrMjrAnzwRVz0SfIi0ZV6RSmkC5a5IcE1ev0HFMA_
Aux Martyrs De La Résistance, 49.891179,2.303849, http://lh3.ggpht.com/IRplGZR1YHuTGbk1mY-OEI_ilA3rbp8FFsrcRlHVhgJmVNTJ7zCV8PpCNTB-5NJF6st1oK7-5f_ccmJnFpE
Silly Girl, 49.895827,2.302859, http://lh5.ggpht.com/9PT-nqmFLEyvqDpLIjqtsSNkEAr01VgNqhjb75tWZXNbD1fER8yBUFgo30yUh-YUf_3trdZxpzsZ-6qbPLc
Chambre Régionale des Comptes de Picardie, 49.889742,2.302845, http://lh3.ggpht.com/j0DukUf_FIYaaCZmwYa4yhPn8GokM0xQD0x0zP-piCxM4tGZHUWwakunvnGu_6mtYNGwiFsr0Eljq7DTiaU
Plaque , 49.892428,2.303505, http://lh4.ggpht.com/3ee27MS4un8T-d_7hbuCJA6E_lTHh4pkRo7f5YRcd4TL8aRv2Ovxf3ICBxS5Ak2fg3QSXEt2J-9wxXufvBg
Le Porche Au Loup, 49.892097,2.302267, http://lh4.ggpht.com/nbrOXZBc1ZH7nlglrTNOxlcb8gGT6Neu67pUUua4UAOO5UD4zzOCWN6rMOEVJxAvAL_jh1NfO4D8ObQFvrQ
Sinite Parvulos Venire Ad Me, 49.893603,2.302597, http://lh4.ggpht.com/bYDYhxzH1xVpQ7JB8ioa2IIsCdOy6IhEtO_SfzapGtphjnYcaUCImZRlJVNdvUmUtCHQ5wnxMxSA0a2GcYzU8Q
Forever Flying, 49.894366,2.30429, http://lh6.ggpht.com/-xxHB9wI8WOvIXobuDtlfV1r0Sy0IZX5qYBFTKTk4_nCZQD6se1UsExCNuHjctcyHkrhVYhadLqzbH79iyY
Cathédrale d'Amiens - Angelot, 49.894358,2.302374, http://lh3.googleusercontent.com/jfL_R3kuwDNmLQjPX9pwyk-8tTd_emsUn-HRnGfhN6LJDITYuReLWVJoNEZNgaOt_ZKZLKMRE37cKJFw38U
Archer, 49.888814,2.303859, http://lh3.ggpht.com/7GjgFcgnnpA4m3ZCheKlmQkBiCEExMpo2Rc0WFIi-VIek-q3C1IBXAO_7n0au25T367pGJzdW8MU6c5hZAo
Fille Sur Un Mur, 49.895783,2.303877, http://lh5.ggpht.com/JBrJQZSo1_58Vio74A2wDQaHeJ5rh0flnTtzo4_sQKOGUtX4TbrqGqsKFfkorxJyPaPd5sO3dRR9O2S43XBgEg
Eglise des Augustins, 49.89439,2.305423, http://lh3.googleusercontent.com/UE_sYiZP00X60uqT8uvy19xj_c3-F9VpdH4RdE_Ga_YxE9lDIzzjL2OpqOzzIfxfGiDV_TmTMb3O0-Bn8r0
Amiens Presbytère, 49.895044,2.302899, http://lh3.googleusercontent.com/R1P0U87lMEV4ypuChz7ZWubjJSd7_HtPzn9wLth5G8Bi8d53IMwHiyB7B7W5JrEThPa915qY6u1QjeKz2shD
Gotta Hold On, 49.888753,2.304313, http://lh5.ggpht.com/WWABg2UX2Ieti9w81lXf-8R89inGyeeL86WQPRr4B8Z4dtJF5lABWAAkpkWIbQws3ZdJgwnL94xN6f0L-2Y
Église, 49.893035,2.305662, http://lh4.ggpht.com/pe_tz1q7cVvUfJm4HFE3yG5Q-aeeD-Nwsnf1S9DQQ1T8T7UCVmeaqM0Khis2U7b4GV-pgSU1_NCOxoK7flPVYQ
Église Du Sacré Coeur, 49.893633,2.304961, http://lh4.ggpht.com/YFwzs1gAsAmRTH78DZ-R8tmX7Zvr1myeiltpAJQMlgExyrSgBrC60OmEK0zpz_VaV1XG1KaagPEgaROCstI
Dome Tower, 49.890306,2.302677, http://lh6.ggpht.com/C_WQTdSdBedj2-kmmGcvAmlrk4iuy-4la7d18g0p_L3h9Vv6mZhQeviLasY_ZbwYNkijICQyKhpqkE-lvS45
Théâtre Imaginaire, 49.89067,2.305668, http://lh5.ggpht.com/kS0UcwjH4ldx673dpqWIa-82iwZVxzL1cOypdEclxO5jA5V_xVQ0EjPTjTBXwcdGEKy5ZmpflG3qhjkhDDSW_Q
Place Pierre L'Hermite, 49.893905,2.303191, http://lh3.ggpht.com/DVdsRLhWVAmEsq5TcpbknBJLmw5BUHNCeVm2r3NcXxdEeWs9JyB1Cluu9tCAqJashBKJy7vPInPtj7HOIPAq
Cour d'appel, 49.892495,2.302009, http://lh3.ggpht.com/0EFKv2qHwbJ8CwY81-wpxdms_dJlA4_ARJxb3DgMfKnAr9mwEgJG3dXtmTFN5h4vmlFle2-ibfGkscV4A1wEVZy4zz3kd5OB3aAruVgkOhsQ24_L
T'chtio Zinc, 49.890936,2.304738, http://lh5.ggpht.com/_rYfJxiwCB5Q9Bzo7zCXKnBm0xnPfTH5PNGiVDVuY-nL0FXSQaqyQ4zxZvpm1IpnpIYoU6-i_GIfs8VVtPE
Hotel De Berny, Musée D'art Local, 49.892939,2.302454, http://lh3.ggpht.com/8GO9mcBF1WVQRMe002VjNLdfVpQDT_mStv2gfAXzaVoi6e900lqTbSUb_nM5zJtJYRJX6gutq5qgMIh-AoLb
École Notre Dame, 49.894862,2.304426, http://lh6.ggpht.com/DbdXvpPLyx2E942-bo_1wjBsANRvOnZGEnlkXdKj2rm30BWEN__JFGOXe4gabUMgDBth7lRyGrku8zMLS-Ga
Don Quichotte, 49.895582,2.303432, http://lh4.ggpht.com/WZP4XHUdtJygNz0inSbBiD-0W9Qk9ZUTjP19BdEZQu6JKqlsB55qQTYtQHXOjVQyCeD4FZThGiua_8bEHnMy
Ancient Ornate Gate, 49.893017,2.3039, http://lh4.ggpht.com/XxA4sI4WVACn1Pf5ol-I9sIQ7_QnYROkbZNPE-6SzMMvbjohBWPwxlGFYi9PJWTCbZEm2AaaKhZUL_yBUc0vVg
Place René Goblet, 49.891344,2.302651, http://lh4.ggpht.com/VkniGw4T93qaFk2VY8kfDUBH05ewgW4VLhPJ1XdakDC7b_kfXSrvyulM-iLz7jZhDlwXVxnRLJ1hVWtksOkWAn-LfO8dT0tD-NaCrWTjMQqGRZ1g
Saint Antoine, 49.89123,2.304295, http://lh3.ggpht.com/42OTIAqHvAJVrSWaIGnrSk3RnI1V73TOD6GprC0o0fNd3tfCIHugplTFBwpHrS7id3YqN8fZxUQQ_10Vi1bHQQ
Hotel Bouctot-Vaniez, Amiens, 49.889118,2.302683, http://lh5.ggpht.com/EEqklCHGkZeE7JQHk6J12EgUOD2mMzLpotJB7Ku8vrgmO_66_-s8nprloO8gbpUknsZdJzSNetqcMGBU5hA
Amiens, le chevet de la cathéd, 49.8946,2.30332, http://lh3.ggpht.com/oIuziD3czi7FE8RD9_Z-vuAzuGtW-yzEuVClXC0L_xnyu5LRfhjUWy7JUeWm-5ZQ9A_oVeQzsJf22O4C7EKQWw
Délégation Militaire, 49.892664,2.303687, http://lh3.googleusercontent.com/OpDkGFueyJDDLHFpMohCtTo3582q2vXWWvX8E22rDgEnNC9MCfTP6lQD-_YVc4Sv0pgKMe6A17oGj2n273w
Square Aimé Césaire, 49.889045,2.305608, http://lh3.ggpht.com/B9m6sOUizHuBRPVp75E19qvIaj1xjSa9ECdBMcRM4SjBmSIYal5XZ5buAPjH74bYaBrFL3mfkZLNfdUHssE
Dominois Rivillon, 49.877618,2.315793, http://lh4.ggpht.com/dSoMWyP1Rwm9C28yo2Zo8hlbJM4sUZLJdYd8XJQMhcyCMpCCkSBhsT7aOG6emnXlE3Cl4jNgbxWKvE4iAwFZ
La Pagode, Centre Culturel , 49.877716,2.311175, http://lh3.googleusercontent.com/c7GwnPTAZCIZ62U4er3cjX9JGnuzsLCAdqZIKoXV4oei5tArX38ff256FSxcp5k6NTO0kpEGYA3vcmNjGZBe
aux morts pour la patrie 1914/1918 , 49.877993,2.317219, http://lh6.ggpht.com/jY4McUFYeeWWUq4LjfKZ3yzDowa2-W594qwHcb9X1fdNtw89O4DYN_vceWa0qKWxc-eRHn8hOEymSt4c5kqT
Plaque FFI, 49.878012,2.317925, http://lh5.ggpht.com/9u0Sfyh-Q4BnaBC2YZ5v_TUMAQqQg2hYjJF1_LwOyePf0FDW6bsGsK8wbEp9DgR0uECPKXXPUuRWoOlnVZKqrg
Site Archéologique De Saint Acheul, 49.878769,2.328395, http://lh3.googleusercontent.com/hu-XptwaLLgY49RW_9y-9hFWZf5hCycY1ZoOYJz0YZp7axMrRffFMSob-4QpTG0HLtQFp3c075BabTo8EV7qWw
Bibliothéque Le Petit Prince, 49.877974,2.326631, http://lh3.ggpht.com/qDBPKWsfV0BUIonAy6Zke1lsBR6KBoe9oaROmW6VgtsJHYm2INFjY0jM9hXF9uyNWrN4ibMAPgKSpCMi2LeB
Urne Voilée, 49.878857,2.317837, http://lh4.ggpht.com/UbYhICo5OU0qDs_NzkF1cWKWKbYZ903kJDxBN2HPv1bOx3n3di8aCY57snp_RvVMaC6ocGki_aKH1nvW_Sg_
Rose de Pierre, 49.879183,2.318052, http://lh6.ggpht.com/D5V1bfObeHXiey90D1Y_swtJF_e_7OvDh9Yp9G5iKqnYQhbdOcEMvd3svc7_vwuWF2sZSg7h88xxzFzonrw7
Croix de la rue Sobo, 49.879386,2.335155, http://lh3.googleusercontent.com/_XmIKp2ChuVLY7pGiftH5UHN3wecTdU8ZPIp3TXgL1utnWK5RgB-Fe9mtzQDieDmScxZHZRBSdQw2BHXZIA
Tour D'observation, 49.878845,2.329236, http://lh3.googleusercontent.com/914JgBIE7wwbI-3v8583YonJoBMvIuCns2Y0c_8L9uLRsyv9x5WCDKZ4uV5EUgbhCaNxjTZHS_wR9MpJPfQO
Cèdre Libanais, 49.879023,2.335203, http://lh6.ggpht.com/Aw5ALJnpCfXyy10Hs0Gl3Boj9rmisvPOuzI4KPocOnxY4tP1Q1hut1xhoxH9u5THPpJzfWREzRNq87cCFBUU
